Item,Frequency,Relative frequency
good,959,6774.22545
bad,543,3835.66676
great,417,2945.62254
many,322,2274.55745
first,316,2232.17439
little,263,1857.79071
old,227,1603.49236
much,227,1603.49236
funny,225,1589.36468
real,225,1589.36468
new,221,1561.10931
big,196,1384.51323
young,193,1363.3217
least,146,1031.32108
original,142,1003.06571
interesting,137,967.74649
whole,133,939.49112
last,124,875.91653
special,114,805.2781
excellent,112,791.15042
different,108,762.89505
TRUE,107,755.8312
main,107,755.8312
long,105,741.70352
nice,100,706.3843
stupid,99,699.32046
beautiful,99,699.32046
black,87,614.55434
awful,87,614.55434
high,87,614.55434
small,86,607.4905
worth,84,593.36281
sure,83,586.29897
short,83,586.29897
poor,82,579.23513
wonderful,81,572.17128
human,80,565.10744
full,77,543.91591
terrible,77,543.91591
enough,76,536.85207
classic,74,522.72438
second,74,522.72438
next,72,508.5967
dead,71,501.53285
entire,71,501.53285
late,70,494.46901
early,69,487.40517
perfect,69,487.40517
several,66,466.21364
hard,63,445.02211
top,63,445.02211
amazing,62,437.95827
ridiculous,61,430.89442
favorite,61,430.89442
white,60,423.83058
wrong,60,423.83058
evil,60,423.83058
entertaining,57,402.63905
actual,57,402.63905
boring,56,395.57521
dark,56,395.57521
able,56,395.57521
right,55,388.51137
strong,54,381.44752
brilliant,53,374.38368
low,52,367.31984
serious,51,360.25599
huge,51,360.25599
happy,51,360.25599
horrible,51,360.25599
overall,50,353.19215
decent,50,353.19215
final,50,353.19215
important,49,346.12831
enjoyable,47,332.00062
local,46,324.93678
usual,46,324.93678
fantastic,45,317.87294
dont,45,317.87294
hilarious,45,317.87294
romantic,45,317.87294
close,44,310.80909
particular,44,310.80909
obvious,44,310.80909
cheap,43,303.74525
major,43,303.74525
typical,42,296.68141
due,42,296.68141
scary,41,289.61756
acting,41,289.61756
complete,41,289.61756
predictable,40,282.55372
hot,40,282.55372
weird,40,282.55372
crazy,39,275.48988
similar,39,275.48988
believable,39,275.48988
female,39,275.48988
sad,39,275.48988
clear,38,268.42603
possible,38,268.42603
modern,38,268.42603
single,38,268.42603
fine,38,268.42603
dull,37,261.36219
simple,37,261.36219
personal,37,261.36219
awesome,37,261.36219
british,37,261.36219
english,37,261.36219
musical,36,254.29835
memorable,36,254.29835
certain,35,247.23451
slow,35,247.23451
realistic,35,247.23451
weak,34,240.17066
cheesy,34,240.17066
talented,34,240.17066
superb,33,233.10682
comic,33,233.10682
else,33,233.10682
silly,33,233.10682
cool,33,233.10682
general,33,233.10682
strange,33,233.10682
deep,33,233.10682
even,33,233.10682
italian,32,226.04298
pure,32,226.04298
disappointing,32,226.04298
creepy,32,226.04298
terrific,31,218.97913
pretty,31,218.97913
past,31,218.97913
successful,31,218.97913
light,30,211.91529
easy,30,211.91529
clever,29,204.85145
ive,29,204.85145
sorry,29,204.85145
solid,29,204.85145
previous,29,204.85145
rich,28,197.7876
western,28,197.7876
subject,28,197.7876
emotional,28,197.7876
video,28,197.7876
visual,28,197.7876
famous,28,197.7876
interested,28,197.7876
rare,28,197.7876
sound,28,197.7876
basic,28,197.7876
difficult,28,197.7876
future,27,190.72376
middle,27,190.72376
violent,27,190.72376
various,27,190.72376
tony,27,190.72376
incredible,27,190.72376
lame,27,190.72376
cute,26,183.65992
impossible,26,183.65992
former,26,183.65992
social,26,183.65992
unique,26,183.65992
political,26,183.65992
tired,26,183.65992
nasty,26,183.65992
dvd,26,183.65992
male,25,176.59608
silent,25,176.59608
bizarre,25,176.59608
arent,25,176.59608
dumb,24,169.53223
odd,24,169.53223
live,24,169.53223
large,24,169.53223
third,24,169.53223
public,24,169.53223
familiar,24,169.53223
american,24,169.53223
powerful,24,169.53223
sexy,23,162.46839
mean,23,162.46839
confused,23,162.46839
alien,23,162.46839
tragic,23,162.46839
sick,23,162.46839
numerous,23,162.46839
indian,23,162.46839
intelligent,23,162.46839
plain,23,162.46839
likable,23,162.46839
back,23,162.46839
fake,23,162.46839
cant,23,162.46839
recent,23,162.46839
gay,22,155.40455
pathetic,22,155.40455
ill,22,155.40455
secret,22,155.40455
tough,22,155.40455
positive,22,155.40455
disappointed,22,155.40455
mad,22,155.40455
creative,22,155.40455
sexual,21,148.3407
pointless,21,148.3407
confusing,21,148.3407
military,21,148.3407
open,21,148.3407
alive,21,148.3407
blue,20,141.27686
animated,20,141.27686
red,20,141.27686
unbelievable,20,141.27686
naked,20,141.27686
favourite,20,141.27686
normal,20,141.27686
painful,20,141.27686
total,20,141.27686
cold,20,141.27686
married,20,141.27686
honest,19,134.21302
extra,19,134.21302
smart,19,134.21302
bored,19,134.21302
fresh,19,134.21302
heavy,19,134.21302
mysterious,19,134.21302
present,19,134.21302
bloody,19,134.21302
ugly,19,134.21302
lovely,19,134.21302
negative,19,134.21302
effective,19,134.21302
glad,19,134.21302
brutal,19,134.21302
minor,19,134.21302
isnt,19,134.21302
free,19,134.21302
wont,18,127.14917
okay,18,127.14917
havent,18,127.14917
compelling,18,127.14917
ready,18,127.14917
serial,18,127.14917
comedic,18,127.14917
stereotypical,18,127.14917
sweet,18,127.14917
unknown,18,127.14917
average,18,127.14917
outstanding,18,127.14917
dramatic,18,127.14917
complex,18,127.14917
japanese,17,120.08533
exciting,17,120.08533
homeless,17,120.08533
mediocre,17,120.08533
golden,17,120.08533
limited,17,120.08533
witty,17,120.08533
involved,17,120.08533
surprising,17,120.08533
subtle,17,120.08533
laughable,17,120.08533
corny,17,120.08533
appropriate,16,113.02149
straight,16,113.02149
slight,16,113.02149
fat,16,113.02149
accurate,16,113.02149
disturbing,16,113.02149
gorgeous,16,113.02149
s,16,113.02149
natural,16,113.02149
frank,16,113.02149
common,16,113.02149
impressive,16,113.02149
standard,16,113.02149
loud,16,113.02149
amusing,15,105.95765
german,15,105.95765
remarkable,15,105.95765
quick,15,105.95765
professional,15,105.95765
thin,15,105.95765
jewish,15,105.95765
less,15,105.95765
unnecessary,15,105.95765
spectacular,15,105.95765
shocking,15,105.95765
unusual,15,105.95765
graphic,15,105.95765
flat,15,105.95765
lead,15,105.95765
tedious,15,105.95765
central,15,105.95765
innocent,15,105.95765
worthy,14,98.8938
safe,14,98.8938
angry,14,98.8938
cinematic,14,98.8938
greatest,14,98.8938
youre,14,98.8938
constant,14,98.8938
popular,14,98.8938
clichã,14,98.8938
giant,14,98.8938
gory,14,98.8938
bottom,14,98.8938
illegal,14,98.8938
genuine,14,98.8938
national,14,98.8938
direct,14,98.8938
forgettable,14,98.8938
psychological,14,98.8938
delightful,14,98.8938
intriguing,14,98.8938
available,14,98.8938
desperate,14,98.8938
dangerous,14,98.8938
dreadful,14,98.8938
wealthy,14,98.8938
fair,14,98.8938
moral,14,98.8938
charming,14,98.8938
dirty,13,91.82996
loyal,13,91.82996
willing,13,91.82996
wise,13,91.82996
pregnant,13,91.82996
like,13,91.82996
wide,13,91.82996
canadian,13,91.82996
magic,13,91.82996
cultural,13,91.82996
civil,13,91.82996
star,13,91.82996
criminal,13,91.82996
current,13,91.82996
afraid,13,91.82996
bright,13,91.82996
separate,13,91.82996
sheer,13,91.82996
fast,13,91.82996
brown,13,91.82996
random,13,91.82996
disgusting,13,91.82996
russian,13,91.82996
necessary,13,91.82996
significant,13,91.82996
chinese,13,91.82996
front,13,91.82996
technical,13,91.82996
contemporary,13,91.82996
aware,13,91.82996
drunk,13,91.82996
awkward,13,91.82996
stunning,13,91.82996
green,13,91.82996
wasnt,13,91.82996
apparent,13,91.82996
watched,12,84.76612
lucky,12,84.76612
woody,12,84.76612
magnificent,12,84.76612
mere,12,84.76612
narrative,12,84.76612
southern,12,84.76612
fascinating,12,84.76612
bible,12,84.76612
cruel,12,84.76612
capable,12,84.76612
loose,12,84.76612
david,12,84.76612
evident,12,84.76612
sympathetic,12,84.76612
potential,12,84.76612
sharp,12,84.76612
superior,12,84.76612
quirky,12,84.76612
still,12,84.76612
brief,12,84.76612
unforgettable,12,84.76612
insane,12,84.76612
doesnt,12,84.76612
rough,12,84.76612
latter,12,84.76612
absurd,12,84.76612
convincing,12,84.76612
ruthless,11,77.70227
worthwhile,11,77.70227
european,11,77.70227
amateur,11,77.70227
supernatural,11,77.70227
super,11,77.70227
comfortable,11,77.70227
subsequent,11,77.70227
surprised,11,77.70227
gruesome,11,77.70227
remote,11,77.70227
pretentious,11,77.70227
notorious,11,77.70227
surreal,11,77.70227
sleazy,11,77.70227
independent,11,77.70227
documentary,11,77.70227
responsible,11,77.70227
extreme,11,77.70227
sentimental,11,77.70227
primary,11,77.70227
sean,11,77.70227
teenage,11,77.70227
hes,11,77.70227
initial,11,77.70227
theatrical,11,77.70227
steven,11,77.70227
international,11,77.70227
traditional,11,77.70227
unhappy,11,77.70227
olive,11,77.70227
wild,11,77.70227
warm,10,70.63843
welcome,10,70.63843
ancient,10,70.63843
wooden,10,70.63843
lost,10,70.63843
endless,10,70.63843
colorful,10,70.63843
proper,10,70.63843
nearby,10,70.63843
critical,10,70.63843
empty,10,70.63843
concerned,10,70.63843
religious,10,70.63843
physical,10,70.63843
artistic,10,70.63843
gratuitous,10,70.63843
mindless,10,70.63843
gary,10,70.63843
deadly,10,70.63843
brian,10,70.63843
native,10,70.63843
quiet,10,70.63843
prime,10,70.63843
absolute,10,70.63843
ignorant,10,70.63843
regular,10,70.63843
historical,10,70.63843
individual,10,70.63843
bitter,10,70.63843
magical,10,70.63843
unexpected,10,70.63843
bland,10,70.63843
watchable,10,70.63843
edward,10,70.63843
harsh,10,70.63843
charismatic,10,70.63843
superfluous,9,63.57459
australian,9,63.57459
daffy,9,63.57459
handsome,9,63.57459
competent,9,63.57459
notable,9,63.57459
fellow,9,63.57459
spanish,9,63.57459
occasional,9,63.57459
ordinary,9,63.57459
medical,9,63.57459
mental,9,63.57459
precious,9,63.57459
exceptional,9,63.57459
mild,9,63.57459
missing,9,63.57459
rid,9,63.57459
hardcore,9,63.57459
goofy,9,63.57459
hideous,9,63.57459
grand,9,63.57459
unfunny,9,63.57459
commercial,9,63.57459
devoid,9,63.57459
terrorist,9,63.57459
supposed,9,63.57459
blind,9,63.57459
adequate,9,63.57459
poignant,9,63.57459
unable,9,63.57459
opposite,9,63.57459
chase,9,63.57459
sophisticated,9,63.57459
korean,9,63.57459
brave,9,63.57459
left,9,63.57459
lee,9,63.57459
tiny,9,63.57459
nude,8,56.51074
skeptical,8,56.51074
marine,8,56.51074
clean,8,56.51074
reminiscent,8,56.51074
minimum,8,56.51074
grave,8,56.51074
blonde,8,56.51074
facial,8,56.51074
noble,8,56.51074
essential,8,56.51074
lousy,8,56.51074
mexican,8,56.51074
clueless,8,56.51074
countless,8,56.51074
raw,8,56.51074
private,8,56.51074
cynical,8,56.51074
fabulous,8,56.51074
double,8,56.51074
rotten,8,56.51074
purple,8,56.51074
humorous,8,56.51074
shallow,8,56.51074
horrid,8,56.51074
simply,8,56.51074
idiotic,8,56.51074
spooky,8,56.51074
specific,8,56.51074
rocky,8,56.51074
incomprehensible,8,56.51074
teen,8,56.51074
amateurish,8,56.51074
trite,8,56.51074
invisible,8,56.51074
twisted,8,56.51074
unfortunate,8,56.51074
uninspired,8,56.51074
dry,8,56.51074
unoriginal,8,56.51074
liberal,8,56.51074
friendly,8,56.51074
hardy,8,56.51074
key,8,56.51074
hidden,8,56.51074
utter,8,56.51074
lazy,8,56.51074
vez,8,56.51074
vivid,7,49.4469
wanted,7,49.4469
plausible,7,49.4469
wellknown,7,49.4469
attractive,7,49.4469
stuck,7,49.4469
correct,7,49.4469
mainstream,7,49.4469
digital,7,49.4469
written,7,49.4469
elegant,7,49.4469
mary,7,49.4469
massive,7,49.4469
maximum,7,49.4469
melodramatic,7,49.4469
exact,7,49.4469
middleaged,7,49.4469
clumsy,7,49.4469
explicit,7,49.4469
extraordinary,7,49.4469
multiple,7,49.4469
fond,7,49.4469
needless,7,49.4469
marvelous,7,49.4469
obnoxious,7,49.4469
sudden,7,49.4469
outer,7,49.4469
outrageous,7,49.4469
foreign,7,49.4469
atmospheric,7,49.4469
fourth,7,49.4469
bleak,7,49.4469
frequent,7,49.4469
frightening,7,49.4469
meaningless,7,49.4469
conventional,7,49.4469
plastic,7,49.4469
psycho,7,49.4469
couple,7,49.4469
scottish,7,49.4469
questionable,7,49.4469
grainy,7,49.4469
mixed,7,49.4469
guilty,7,49.4469
curious,7,49.4469
respectable,7,49.4469
murderous,7,49.4469
skilled,7,49.4469
authentic,7,49.4469
rubbish,7,49.4469
dated,7,49.4469
scared,7,49.4469
dear,7,49.4469
asleep,7,49.4469
hooked,7,49.4469
sister,7,49.4469
astonishing,7,49.4469
sensitive,7,49.4469
south,7,49.4469
didnt,7,49.4469
novel,7,49.4469
inconsistent,7,49.4469
redeeming,7,49.4469
stylish,7,49.4469
inept,7,49.4469
grim,7,49.4469
infamous,7,49.4469
amazed,7,49.4469
universal,7,49.4469
unconvincing,7,49.4469
understandable,7,49.4469
unlikely,7,49.4469
urban,7,49.4469
vague,7,49.4469
unpleasant,7,49.4469
east,7,49.4469
unrealistic,7,49.4469
additional,7,49.4469
appalling,7,49.4469
lasting,7,49.4469
christian,7,49.4469
rural,6,42.38306
welldone,6,42.38306
youll,6,42.38306
chief,6,42.38306
ludicrous,6,42.38306
chilling,6,42.38306
heroic,6,42.38306
banal,6,42.38306
yellow,6,42.38306
meek,6,42.38306
animal,6,42.38306
corrupt,6,42.38306
everyday,6,42.38306
middleclass,6,42.38306
minimal,6,42.38306
expensive,6,42.38306
ms,6,42.38306
FALSE,6,42.38306
comical,6,42.38306
northern,6,42.38306
nuanced,6,42.38306
nuclear,6,42.38306
martial,6,42.38306
repetitive,6,42.38306
abysmal,6,42.38306
forward,6,42.38306
blatant,6,42.38306
french,6,42.38306
furious,6,42.38306
russell,6,42.38306
satanic,6,42.38306
practical,6,42.38306
preposterous,6,42.38306
costume,6,42.38306
global,6,42.38306
helen,6,42.38306
detailed,6,42.38306
select,6,42.38306
racist,6,42.38306
randy,6,42.38306
gritty,6,42.38306
reese,6,42.38306
deliberate,6,42.38306
reliable,6,42.38306
reluctant,6,42.38306
moronic,6,42.38306
allen,6,42.38306
halfway,6,42.38306
rival,6,42.38306
depressing,6,42.38306
derivative,6,42.38306
shaky,6,42.38306
hed,6,42.38306
satisfying,6,42.38306
soft,6,42.38306
selfish,6,42.38306
hopeless,6,42.38306
horrific,6,42.38306
almighty,6,42.38306
alone,6,42.38306
imaginative,6,42.38306
immediate,6,42.38306
crude,6,42.38306
immense,6,42.38306
impressed,6,42.38306
theyre,6,42.38306
directorial,6,42.38306
insightful,6,42.38306
supporting,6,42.38306
suspect,6,42.38306
intellectual,6,42.38306
insignificant,6,42.38306
tenacious,6,42.38306
tight,6,42.38306
thoughtful,6,42.38306
token,6,42.38306
irish,6,42.38306
ironic,6,42.38306
dominic,6,42.38306
ultimate,6,42.38306
uncomfortable,6,42.38306
kelly,6,42.38306
audio,6,42.38306
daily,6,42.38306
lesbian,6,42.38306
topless,6,42.38306
robert,6,42.38306
winning,6,42.38306
engaging,6,42.38306
eager,6,42.38306
lone,6,42.38306
lonely,6,42.38306
vicious,6,42.38306
choppy,6,42.38306
legitimate,6,42.38306
vulgar,5,35.31922
lethal,5,35.31922
lovable,5,35.31922
literal,5,35.31922
lesser,5,35.31922
bare,5,35.31922
fatal,5,35.31922
minute,5,35.31922
glorious,5,35.31922
exotic,5,35.31922
coherent,5,35.31922
experienced,5,35.31922
experimental,5,35.31922
abusive,5,35.31922
mundane,5,35.31922
far,5,35.31922
sensible,5,35.31922
nervous,5,35.31922
non,5,35.31922
nonsense,5,35.31922
nonstop,5,35.31922
nostalgic,5,35.31922
feisty,5,35.31922
olympic,5,35.31922
orked,5,35.31922
financial,5,35.31922
outside,5,35.31922
freaky,5,35.31922
contrived,5,35.31922
absent,5,35.31922
frustrated,5,35.31922
frustrating,5,35.31922
blond,5,35.31922
futuristic,5,35.31922
breathtaking,5,35.31922
racial,5,35.31922
prepared,5,35.31922
gifted,5,35.31922
profound,5,35.31922
promising,5,35.31922
psychic,5,35.31922
psychotic,5,35.31922
goodlooking,5,35.31922
riveting,5,35.31922
proud,5,35.31922
arrogant,5,35.31922
haunted,5,35.31922
rude,5,35.31922
definite,5,35.31922
helpful,5,35.31922
helpless,5,35.31922
seductive,5,35.31922
ashamed,5,35.31922
seen,5,35.31922
asian,5,35.31922
imaginable,5,35.31922
senior,5,35.31922
sinister,5,35.31922
severe,5,35.31922
spiritual,5,35.31922
sincere,5,35.31922
hysterical,5,35.31922
despicable,5,35.31922
implausible,5,35.31922
spoiled,5,35.31922
square,5,35.31922
stark,5,35.31922
crucial,5,35.31922
stereotyped,5,35.31922
suspenseful,5,35.31922
stiff,5,35.31922
nutty,5,35.31922
stalwart,5,35.31922
busy,5,35.31922
talentless,5,35.31922
suitable,5,35.31922
superficial,5,35.31922
suspicious,5,35.31922
innovative,5,35.31922
tall,5,35.31922
insipid,5,35.31922
adult,5,35.31922
tense,5,35.31922
distinct,5,35.31922
distant,5,35.31922
disjointed,5,35.31922
irrelevant,5,35.31922
italy,5,35.31922
dodgy,5,35.31922
juvenile,5,35.31922
underground,5,35.31922
unimaginative,5,35.31922
formulaic,5,35.31922
unintentional,5,35.31922
ambitious,5,35.31922
unattractive,5,35.31922
eerie,5,35.31922
legendary,5,35.31922
educational,5,35.31922
virgin,5,35.31922
passionate,5,35.31922
unsuccessful,5,35.31922
victorian,5,35.31922
vital,5,35.31922
vast,5,35.31922
lush,5,35.31922
lengthy,5,35.31922
vile,5,35.31922
wicked,5,35.31922
eastern,5,35.31922
zany,5,35.31922
vulnerable,4,28.25537
lifelong,4,28.25537
elder,4,28.25537
meaningful,4,28.25537
electric,4,28.25537
elderly,4,28.25537
whatsoever,4,28.25537
christine,4,28.25537
lowrent,4,28.25537
lurid,4,28.25537
excessive,4,28.25537
excited,4,28.25537
cohesive,4,28.25537
malevolent,4,28.25537
lookalike,4,28.25537
classy,4,28.25537
erotic,4,28.25537
matt,4,28.25537
mum,4,28.25537
medieval,4,28.25537
climactic,4,28.25537
ex,4,28.25537
exaggerated,4,28.25537
bearable,4,28.25537
mid,4,28.25537
farfetched,4,28.25537
exploitative,4,28.25537
miserable,4,28.25537
extended,4,28.25537
monstrous,4,28.25537
beloved,4,28.25537
mythical,4,28.25537
needed,4,28.25537
neat,4,28.25537
betty,4,28.25537
neurotic,4,28.25537
crooked,4,28.25537
added,4,28.25537
nonsensical,4,28.25537
complicated,4,28.25537
fictional,4,28.25537
biological,4,28.25537
akin,4,28.25537
alan,4,28.25537
often,4,28.25537
concrete,4,28.25537
onedimensional,4,28.25537
orange,4,28.25537
flawless,4,28.25537
fundamental,4,28.25537
confident,4,28.25537
explosive,4,28.25537
considerable,4,28.25537
consistent,4,28.25537
pale,4,28.25537
paranoid,4,28.25537
appealing,4,28.25537
blank,4,28.25537
continued,4,28.25537
contrary,4,28.25537
peculiar,4,28.25537
controversial,4,28.25537
pet,4,28.25537
phantom,4,28.25537
convinced,4,28.25537
placid,4,28.25537
core,4,28.25537
overbearing,4,28.25537
poetical,4,28.25537
gothic,4,28.25537
generic,4,28.25537
apt,4,28.25537
michael,4,28.25537
prior,4,28.25537
godawful,4,28.25537
cringeworthy,4,28.25537
alleged,4,28.25537
crisp,4,28.25537
grateful,4,28.25537
crocky,4,28.25537
rear,4,28.25537
daring,4,28.25537
gripping,4,28.25537
gross,4,28.25537
recommended,4,28.25537
grotesque,4,28.25537
sadistic,4,28.25537
relative,4,28.25537
rental,4,28.25537
respective,4,28.25537
hapless,4,28.25537
seeming,4,28.25537
roman,4,28.25537
humane,4,28.25537
danish,4,28.25537
routine,4,28.25537
sixth,4,28.25537
admirable,4,28.25537
sane,4,28.25537
scheming,4,28.25537
combined,4,28.25537
scientific,4,28.25537
accidental,4,28.25537
seagal,4,28.25537
historic,4,28.25537
spare,4,28.25537
definitive,4,28.25537
seventh,4,28.25537
horrendous,4,28.25537
shameless,4,28.25537
shrill,4,28.25537
humble,4,28.25537
demented,4,28.25537
dependent,4,28.25537
ideal,4,28.25537
sluggish,4,28.25537
smarmy,4,28.25537
sly,4,28.25537
illogical,4,28.25537
sole,4,28.25537
imaginary,4,28.25537
detective,4,28.25537
socalled,4,28.25537
sparkling,4,28.25537
imperial,4,28.25537
splendid,4,28.25537
illegitimate,4,28.25537
inadequate,4,28.25537
inane,4,28.25537
dimensional,4,28.25537
directed,4,28.25537
fiery,4,28.25537
industrial,4,28.25537
obscure,4,28.25537
sublime,4,28.25537
inevitable,4,28.25537
distinctive,4,28.25537
stale,4,28.25537
inherent,4,28.25537
swashbuckling,4,28.25537
disgusted,4,28.25537
symbolic,4,28.25537
torn,4,28.25537
insensitive,4,28.25537
inspired,4,28.25537
inspiring,4,28.25537
intentional,4,28.25537
distraught,4,28.25537
titular,4,28.25537
intricate,4,28.25537
diverse,4,28.25537
tortured,4,28.25537
trained,4,28.25537
touching,4,28.25537
instant,4,28.25537
traumatic,4,28.25537
twice,4,28.25537
underappreciated,4,28.25537
avid,4,28.25537
uneven,4,28.25537
unexplained,4,28.25537
unfaithful,4,28.25537
tiresome,4,28.25537
topnotch,4,28.25537
dorothy,4,28.25537
unlikeable,4,28.25537
unimaginable,4,28.25537
unlikable,4,28.25537
unlucky,4,28.25537
unborn,4,28.25537
downbeat,4,28.25537
jealous,4,28.25537
catholic,4,28.25537
downhill,4,28.25537
junior,4,28.25537
unwatchable,4,28.25537
useful,4,28.25537
laughing,4,28.25537
cerebral,4,28.25537
lighthearted,4,28.25537
vincent,4,28.25537
characteristic,4,28.25537
washedup,4,28.25537
changed,4,28.25537
aesthetic,4,28.25537
chaotic,4,28.25537
wretched,4,28.25537
likely,4,28.25537
unresolved,4,28.25537
loving,4,28.25537
lightweight,4,28.25537
eccentric,4,28.25537
worthless,4,28.25537
equal,4,28.25537
equivalent,4,28.25537
topical,4,28.25537
emotionless,4,28.25537
embarrassing,4,28.25537
wouldnt,4,28.25537
erratic,3,21.19153
wee,3,21.19153
egotistical,3,21.19153
wouldbe,3,21.19153
merciless,3,21.19153
bearded,3,21.19153
chã,3,21.19153
mighty,3,21.19153
mainland,3,21.19153
classified,3,21.19153
material,3,21.19153
masterful,3,21.19153
mature,3,21.19153
meagre,3,21.19153
eurasian,3,21.19153
myriad,3,21.19153
naive,3,21.19153
meet,3,21.19153
fancy,3,21.19153
nerdy,3,21.19153
beaten,3,21.19153
exclusive,3,21.19153
glaring,3,21.19153
mistaken,3,21.19153
modest,3,21.19153
featured,3,21.19153
collective,3,21.19153
bigoted,3,21.19153
noteworthy,3,21.19153
noticed,3,21.19153
colourful,3,21.19153
aggressive,3,21.19153
factual,3,21.19153
mushy,3,21.19153
mute,3,21.19153
faithful,3,21.19153
express,3,21.19153
near,3,21.19153
commendable,3,21.19153
committed,3,21.19153
net,3,21.19153
communist,3,21.19153
nio,3,21.19153
monotheistic,3,21.19153
niksen,3,21.19153
foolish,3,21.19153
noticeable,3,21.19153
nonexistent,3,21.19153
few,3,21.19153
fierce,3,21.19153
biopic,3,21.19153
occupied,3,21.19153
nubile,3,21.19153
offbeat,3,21.19153
offensive,3,21.19153
fit,3,21.19153
anxious,3,21.19153
opening,3,21.19153
condensed,3,21.19153
flashy,3,21.19153
fugitive,3,21.19153
flawed,3,21.19153
flimsy,3,21.19153
outdoor,3,21.19153
focal,3,21.19153
acceptable,3,21.19153
forgotten,3,21.19153
overwrought,3,21.19153
palestinian,3,21.19153
foster,3,21.19153
foul,3,21.19153
gigantic,3,21.19153
performer,3,21.19153
petulant,3,21.19153
philosophical,3,21.19153
pink,3,21.19153
blockbuster,3,21.19153
convoluted,3,21.19153
pleasant,3,21.19153
poetic,3,21.19153
pitiful,3,21.19153
polite,3,21.19153
game,3,21.19153
galore,3,21.19153
gargantuan,3,21.19153
preachy,3,21.19153
rational,3,21.19153
prestigious,3,21.19153
pretend,3,21.19153
grizzly,3,21.19153
blunt,3,21.19153
pro,3,21.19153
problematic,3,21.19153
glamorous,3,21.19153
boggy,3,21.19153
go,3,21.19153
relevant,3,21.19153
archetypal,3,21.19153
proverbial,3,21.19153
gold,3,21.19153
crazed,3,21.19153
psychedelic,3,21.19153
quaint,3,21.19153
provocative,3,21.19153
quality,3,21.19153
quintessential,3,21.19153
quotable,3,21.19153
radioactive,3,21.19153
raunchy,3,21.19153
greedy,3,21.19153
rebellious,3,21.19153
reckless,3,21.19153
recognizable,3,21.19153
hawaiian,3,21.19153
aristocratic,3,21.19153
grown,3,21.19153
redundant,3,21.19153
relentless,3,21.19153
hackneyed,3,21.19153
haired,3,21.19153
curly,3,21.19153
requisite,3,21.19153
recycled,3,21.19153
bound,3,21.19153
restrictive,3,21.19153
richard,3,21.19153
secondary,3,21.19153
rigid,3,21.19153
damn,3,21.19153
revealing,3,21.19153
roosevelt,3,21.19153
rosalind,3,21.19153
rudimentary,3,21.19153
heartbreaking,3,21.19153
diesel,3,21.19153
salvatore,3,21.19153
sappy,3,21.19153
heavyhanded,3,21.19153
heartfelt,3,21.19153
sassy,3,21.19153
held,3,21.19153
hellborn,3,21.19153
deaf,3,21.19153
dashing,3,21.19153
selfindulgent,3,21.19153
segal,3,21.19153
decrepit,3,21.19153
alltime,3,21.19153
sordid,3,21.19153
senseless,3,21.19153
holy,3,21.19153
serbian,3,21.19153
slowpaced,3,21.19153
broad,3,21.19153
delighted,3,21.19153
shocked,3,21.19153
assistant,3,21.19153
brosnan,3,21.19153
shy,3,21.19153
immoral,3,21.19153
side,3,21.19153
athletic,3,21.19153
simplistic,3,21.19153
hungry,3,21.19153
skeletal,3,21.19153
bully,3,21.19153
depressed,3,21.19153
dense,3,21.19153
slim,3,21.19153
deputy,3,21.19153
sloppy,3,21.19153
smalltime,3,21.19153
desirable,3,21.19153
steady,3,21.19153
smooth,3,21.19153
snappy,3,21.19153
sober,3,21.19153
adorable,3,21.19153
soulless,3,21.19153
strongminded,3,21.19153
impeccable,3,21.19153
stuffy,3,21.19153
speechless,3,21.19153
sufficient,3,21.19153
hunky,3,21.19153
acclaimed,3,21.19153
standup,3,21.19153
starred,3,21.19153
steamy,3,21.19153
inappropriate,3,21.19153
discreet,3,21.19153
startling,3,21.19153
disgraceful,3,21.19153
steve,3,21.19153
atrocious,3,21.19153
incompetent,3,21.19153
diminutive,3,21.19153
stray,3,21.19153
insidious,3,21.19153
struggling,3,21.19153
butch,3,21.19153
ineffective,3,21.19153
substantial,3,21.19153
disabled,3,21.19153
tame,3,21.19153
sunny,3,21.19153
inferior,3,21.19153
ingenious,3,21.19153
suspected,3,21.19153
sweaty,3,21.19153
abstract,3,21.19153
tainted,3,21.19153
dizzying,3,21.19153
tangible,3,21.19153
targeted,3,21.19153
callous,3,21.19153
installment,3,21.19153
instrumental,3,21.19153
troubled,3,21.19153
terrifying,3,21.19153
insulting,3,21.19153
intact,3,21.19153
thankless,3,21.19153
intense,3,21.19153
distorted,3,21.19153
internal,3,21.19153
casual,3,21.19153
iraq,3,21.19153
careful,3,21.19153
treacherous,3,21.19153
tremendous,3,21.19153
domestic,3,21.19153
unappealing,3,21.19153
jagged,3,21.19153
doomed,3,21.19153
unclear,3,21.19153
truthful,3,21.19153
caribbean,3,21.19153
keen,3,21.19153
jaded,3,21.19153
joan,3,21.19153
ambient,3,21.19153
joyous,3,21.19153
dreaded,3,21.19153
unbearable,3,21.19153
unmarried,3,21.19153
unmatched,3,21.19153
uneasy,3,21.19153
catchy,3,21.19153
unflattering,3,21.19153
unforgivable,3,21.19153
dynamic,3,21.19153
upper,3,21.19153
july,3,21.19153
vain,3,21.19153
useless,3,21.19153
versatile,3,21.19153
veteran,3,21.19153
vibrant,3,21.19153
vice,3,21.19153
ample,3,21.19153
wet,3,21.19153
leaden,3,21.19153
elementary,3,21.19153
dummy,3,21.19153
backstory,3,21.19153
walken,3,21.19153
unseen,3,21.19153
unsuspecting,3,21.19153
egyptian,3,21.19153
logical,3,21.19153
unsettling,3,21.19153
unsympathetic,3,21.19153
viable,3,21.19153
unwilling,3,21.19153
electronic,3,21.19153
cherry,3,21.19153
ecstatic,3,21.19153
vampiric,3,21.19153
listless,3,21.19153
emran,3,21.19153
enchanting,3,21.19153
lt,3,21.19153
energetic,3,21.19153
lifeless,3,21.19153
enigmatic,3,21.19153
lustful,3,21.19153
macabre,3,21.19153
embarrassed,3,21.19153
lois,3,21.19153
uniform,3,21.19153
epidemic,3,21.19153
wordy,3,21.19153
badly,2,14.12769
barefoot,2,14.12769
eternal,2,14.12769
ethnic,2,14.12769
africanamerican,2,14.12769
meditative,2,14.12769
literary,2,14.12769
wobbly,2,14.12769
lukewarm,2,14.12769
microscopic,2,14.12769
excess,2,14.12769
mine,2,14.12769
executive,2,14.12769
executed,2,14.12769
cocky,2,14.12769
misguided,2,14.12769
misunderstood,2,14.12769
active,2,14.12769
coincidental,2,14.12769
expert,2,14.12769
monotonous,2,14.12769
exquisite,2,14.12769
morose,2,14.12769
claudius,2,14.12769
claustrophobic,2,14.12769
mass,2,14.12769
mrinal,2,14.12769
matthew,2,14.12769
mawkish,2,14.12769
african,2,14.12769
med,2,14.12769
muscular,2,14.12769
clicheridden,2,14.12769
melancholy,2,14.12769
comely,2,14.12769
antagonistic,2,14.12769
battered,2,14.12769
antarctic,2,14.12769
nefarious,2,14.12769
fashionable,2,14.12769
merry,2,14.12769
excusable,2,14.12769
mincing,2,14.12769
minded,2,14.12769
miniature,2,14.12769
mini,2,14.12769
minimalist,2,14.12769
beverly,2,14.12769
anime,2,14.12769
miniscule,2,14.12769
miraculous,2,14.12769
mobile,2,14.12769
mock,2,14.12769
annoyed,2,14.12769
abused,2,14.12769
monumental,2,14.12769
moody,2,14.12769
nosy,2,14.12769
fell,2,14.12769
motley,2,14.12769
colored,2,14.12769
annual,2,14.12769
color,2,14.12769
mrs,2,14.12769
muddy,2,14.12769
fictitious,2,14.12769
murky,2,14.12769
fifth,2,14.12769
failed,2,14.12769
obtuse,2,14.12769
nagging,2,14.12769
conceivable,2,14.12769
narcissistic,2,14.12769
comfy,2,14.12769
oldfashioned,2,14.12769
ole,2,14.12769
firstrate,2,14.12769
naughty,2,14.12769
naval,2,14.12769
berserk,2,14.12769
adamant,2,14.12769
fascist,2,14.12769
condescending,2,14.12769
fleeting,2,14.12769
companion,2,14.12769
oriental,2,14.12769
orthodox,2,14.12769
flip,2,14.12769
nicky,2,14.12769
fateful,2,14.12769
nifty,2,14.12769
faulty,2,14.12769
fluid,2,14.12769
faultless,2,14.12769
biblical,2,14.12769
apart,2,14.12769
fool,2,14.12769
nonphysical,2,14.12769
fearful,2,14.12769
abandoned,2,14.12769
north,2,14.12769
overseas,2,14.12769
overwhelming,2,14.12769
pacific,2,14.12769
constructive,2,14.12769
forthcoming,2,14.12769
feminist,2,14.12769
antisemitic,2,14.12769
numb,2,14.12769
ff,2,14.12769
passive,2,14.12769
pat,2,14.12769
content,2,14.12769
ny,2,14.12769
obligatory,2,14.12769
competitive,2,14.12769
obsessive,2,14.12769
pearl,2,14.12769
oddball,2,14.12769
ol,2,14.12769
concentrated,2,14.12769
convenient,2,14.12769
offputting,2,14.12769
ominous,2,14.12769
bisexual,2,14.12769
fiveminute,2,14.12769
petty,2,14.12769
concise,2,14.12769
online,2,14.12769
fked,2,14.12769
fruitless,2,14.12769
bitchy,2,14.12769
operative,2,14.12769
piven,2,14.12769
nondescript,2,14.12769
addicted,2,14.12769
oswald,2,14.12769
pleased,2,14.12769
osborne,2,14.12769
outlandish,2,14.12769
outright,2,14.12769
ponderous,2,14.12769
foremost,2,14.12769
forced,2,14.12769
pop,2,14.12769
portly,2,14.12769
overdue,2,14.12769
oversized,2,14.12769
overt,2,14.12769
forgiving,2,14.12769
fortunate,2,14.12769
blah,2,14.12769
par,2,14.12769
alcoholic,2,14.12769
pred,2,14.12769
preferred,2,14.12769
patient,2,14.12769
forbidden,2,14.12769
patriotic,2,14.12769
paying,2,14.12769
alert,2,14.12769
primeval,2,14.12769
permanent,2,14.12769
applicable,2,14.12769
privy,2,14.12769
profile,2,14.12769
prolonged,2,14.12769
gloomy,2,14.12769
phanois,2,14.12769
piano,2,14.12769
provincial,2,14.12769
pivotal,2,14.12769
godlike,2,14.12769
psychiatric,2,14.12769
psychopathic,2,14.12769
plump,2,14.12769
bold,2,14.12769
plenty,2,14.12769
polemic,2,14.12769
polished,2,14.12769
pornographic,2,14.12769
posh,2,14.12769
quina,2,14.12769
postapocalyptic,2,14.12769
rabun,2,14.12769
postwar,2,14.12769
powdered,2,14.12769
powerless,2,14.12769
rambunctious,2,14.12769
prehistoric,2,14.12769
gray,2,14.12769
raspy,2,14.12769
arduous,2,14.12769
reasonable,2,14.12769
primitive,2,14.12769
recreational,2,14.12769
pristine,2,14.12769
reformer,2,14.12769
prominent,2,14.12769
related,2,14.12769
accepted,2,14.12769
cranky,2,14.12769
archaeological,2,14.12769
protective,2,14.12769
prophetic,2,14.12769
prototypical,2,14.12769
gyllenhaal,2,14.12769
bossy,2,14.12769
repeated,2,14.12769
provoking,2,14.12769
goodhearted,2,14.12769
hal,2,14.12769
putrid,2,14.12769
principal,2,14.12769
credible,2,14.12769
gopal,2,14.12769
halfhearted,2,14.12769
armed,2,14.12769
restricted,2,14.12769
gradual,2,14.12769
bombastic,2,14.12769
radiant,2,14.12769
haphazard,2,14.12769
ridden,2,14.12769
daft,2,14.12769
armored,2,14.12769
rainy,2,14.12769
rampant,2,14.12769
har,2,14.12769
ranking,2,14.12769
daredevil,2,14.12769
darn,2,14.12769
rugged,2,14.12769
healthy,2,14.12769
refreshing,2,14.12769
crying,2,14.12769
breakneck,2,14.12769
gut,2,14.12769
renewed,2,14.12769
repent,2,14.12769
sardonic,2,14.12769
replete,2,14.12769
reptile,2,14.12769
reprehensible,2,14.12769
repulsive,2,14.12769
scandinavian,2,14.12769
resentful,2,14.12769
curvy,2,14.12769
deadpan,2,14.12769
reserved,2,14.12769
respectful,2,14.12769
scorsese,2,14.12769
hellish,2,14.12769
cutesy,2,14.12769
retarded,2,14.12769
revolutionary,2,14.12769
handicapped,2,14.12769
revolving,2,14.12769
brainless,2,14.12769
reverse,2,14.12769
ricky,2,14.12769
righteous,2,14.12769
seedy,2,14.12769
risky,2,14.12769
segregated,2,14.12769
ripping,2,14.12769
highpitched,2,14.12769
rix,2,14.12769
hardedged,2,14.12769
harmful,2,14.12769
harmless,2,14.12769
hateful,2,14.12769
royal,2,14.12769
rubbery,2,14.12769
runaway,2,14.12769
separated,2,14.12769
deformed,2,14.12769
healy,2,14.12769
heaping,2,14.12769
sacred,2,14.12769
adoptive,2,14.12769
davidian,2,14.12769
salacious,2,14.12769
heather,2,14.12769
heavenly,2,14.12769
aspiring,2,14.12769
delicious,2,14.12769
saturated,2,14.12769
savage,2,14.12769
sceptical,2,14.12769
shelly,2,14.12769
schizophrenic,2,14.12769
retrograde,2,14.12769
shoddy,2,14.12769
daytime,2,14.12769
screwed,2,14.12769
seamless,2,14.12769
secure,2,14.12769
sickening,2,14.12769
adrian,2,14.12769
hunchback,2,14.12769
demonic,2,14.12769
self,2,14.12769
sissy,2,14.12769
hesitant,2,14.12769
selfobsessed,2,14.12769
ski,2,14.12769
brisk,2,14.12769
hollow,2,14.12769
sleek,2,14.12769
hollywood,2,14.12769
sensual,2,14.12769
astral,2,14.12769
degrading,2,14.12769
hissy,2,14.12769
sepia,2,14.12769
serviceable,2,14.12769
sexist,2,14.12769
shaggy,2,14.12769
il,2,14.12769
shakespearean,2,14.12769
snazzy,2,14.12769
delicate,2,14.12769
bubbly,2,14.12769
budgetary,2,14.12769
sobering,2,14.12769
sharky,2,14.12769
solar,2,14.12769
solemn,2,14.12769
shitty,2,14.12769
delusional,2,14.12769
howard,2,14.12769
demanding,2,14.12769
humdrum,2,14.12769
silver,2,14.12769
assorted,2,14.12769
spoken,2,14.12769
hypocritical,2,14.12769
skimpy,2,14.12769
impotent,2,14.12769
brutish,2,14.12769
ian,2,14.12769
slick,2,14.12769
staple,2,14.12769
alt,2,14.12769
stated,2,14.12769
inarticulate,2,14.12769
btw,2,14.12769
stefan,2,14.12769
smashed,2,14.12769
desolate,2,14.12769
incestuous,2,14.12769
incidental,2,14.12769
snobby,2,14.12769
incoherent,2,14.12769
snobbish,2,14.12769
illconceived,2,14.12769
abhorrent,2,14.12769
sociopolitical,2,14.12769
sometime,2,14.12769
impatient,2,14.12769
accomplished,2,14.12769
indistinguishable,2,14.12769
subjective,2,14.12769
ineffectual,2,14.12769
substandard,2,14.12769
subversive,2,14.12769
buzz,2,14.12769
secluded,2,14.12769
spontaneous,2,14.12769
subzero,2,14.12769
improbable,2,14.12769
st,2,14.12769
burly,2,14.12769
stagey,2,14.12769
atlantic,2,14.12769
discernible,2,14.12769
infected,2,14.12769
didactic,2,14.12769
caan,2,14.12769
static,2,14.12769
incapable,2,14.12769
surprise,2,14.12769
stan,2,14.12769
inbred,2,14.12769
stellar,2,14.12769
burt,2,14.12769
stern,2,14.12769
sterling,2,14.12769
inclined,2,14.12769
swedish,2,14.12769
atomic,2,14.12769
stillborn,2,14.12769
stilted,2,14.12769
stolen,2,14.12769
storytelling,2,14.12769
stoned,2,14.12769
tail,2,14.12769
straightforward,2,14.12769
incorrect,2,14.12769
disinterested,2,14.12769
tantamount,2,14.12769
candid,2,14.12769
strung,2,14.12769
insincere,2,14.12769
alternative,2,14.12769
dismal,2,14.12769
stã,2,14.12769
disposable,2,14.12769
inescapable,2,14.12769
textured,2,14.12769
suggestive,2,14.12769
thematic,2,14.12769
adrift,2,14.12769
sultry,2,14.12769
inexplicable,2,14.12769
distasteful,2,14.12769
bygone,2,14.12769
threatening,2,14.12769
superpowered,2,14.12769
supersonic,2,14.12769
disconnected,2,14.12769
tidy,2,14.12769
tim,2,14.12769
ingrid,2,14.12769
informative,2,14.12769
accustomed,2,14.12769
interstate,2,14.12769
disturbed,2,14.12769
altruistic,2,14.12769
tish,2,14.12769
inner,2,14.12769
intrusive,2,14.12769
taboo,2,14.12769
tasty,2,14.12769
automatic,2,14.12769
trapped,2,14.12769
canny,2,14.12769
isolated,2,14.12769
dissatisfied,2,14.12769
itll,2,14.12769
intended,2,14.12769
thick,2,14.12769
thirsty,2,14.12769
intentioned,2,14.12769
distinguished,2,14.12769
timeless,2,14.12769
interrupted,2,14.12769
arty,2,14.12769
staggering,2,14.12769
amber,2,14.12769
intent,2,14.12769
intimate,2,14.12769
ditsy,2,14.12769
toby,2,14.12769
underage,2,14.12769
ambiguous,2,14.12769
downright,2,14.12769
toy,2,14.12769
trashy,2,14.12769
drastic,2,14.12769
unflinching,2,14.12769
turkish,2,14.12769
unfocused,2,14.12769
twisty,2,14.12769
ivan,2,14.12769
ultra,2,14.12769
cartoonish,2,14.12769
dreary,2,14.12769
israeli,2,14.12769
unanticipated,2,14.12769
done,2,14.12769
unavoidable,2,14.12769
turgid,2,14.12769
japan,2,14.12769
uncommon,2,14.12769
jared,2,14.12769
unconscious,2,14.12769
uncut,2,14.12769
jed,2,14.12769
underdeveloped,2,14.12769
unconventional,2,14.12769
undercover,2,14.12769
jerky,2,14.12769
kin,2,14.12769
joint,2,14.12769
downward,2,14.12769
knowledgeable,2,14.12769
unrelenting,2,14.12769
unaware,2,14.12769
aweigh,2,14.12769
jude,2,14.12769
judgmental,2,14.12769
unimpressive,2,14.12769
amiable,2,14.12769
uninteresting,2,14.12769
united,2,14.12769
karmic,2,14.12769
catastrophic,2,14.12769
celebrated,2,14.12769
unmitigated,2,14.12769
unnoticed,2,14.12769
kidfriendly,2,14.12769
kind,2,14.12769
unprecedented,2,14.12769
dumbed,2,14.12769
unpredictable,2,14.12769
unprofessional,2,14.12769
unpolished,2,14.12769
characterdriven,2,14.12769
unrated,2,14.12769
earnest,2,14.12769
unrelated,2,14.12769
jumpy,2,14.12769
unnamed,2,14.12769
unqualified,2,14.12769
unremarkable,2,14.12769
unremitting,2,14.12769
unscary,2,14.12769
unsafe,2,14.12769
landmark,2,14.12769
dutiful,2,14.12769
dusty,2,14.12769
verbal,2,14.12769
ebullient,2,14.12769
untold,2,14.12769
untrue,2,14.12769
vested,2,14.12769
untalented,2,14.12769
dylan,2,14.12769
legion,2,14.12769
edgy,2,14.12769
dã,2,14.12769
visnjic,2,14.12769
visible,2,14.12769
dysfunctional,2,14.12769
upright,2,14.12769
unwed,2,14.12769
wacky,2,14.12769
wan,2,14.12769
upbeat,2,14.12769
amoral,2,14.12769
lecherous,2,14.12769
venice,2,14.12769
used,2,14.12769
verbose,2,14.12769
eighth,2,14.12769
verhoeven,2,14.12769
checked,2,14.12769
legal,2,14.12769
wellmade,2,14.12769
weve,2,14.12769
duplicitous,2,14.12769
voluptuous,2,14.12769
elite,2,14.12769
ellen,2,14.12769
literate,2,14.12769
cheated,2,14.12769
lacy,2,14.12769
lifesize,2,14.12769
eighteenth,2,14.12769
lofty,2,14.12769
lanky,2,14.12769
elaborate,2,14.12769
working,2,14.12769
emily,2,14.12769
weary,2,14.12769
eminent,2,14.12769
wellacted,2,14.12769
worried,2,14.12769
aforementioned,2,14.12769
wellmeaning,2,14.12769
longtime,2,14.12769
likeable,2,14.12769
cherished,2,14.12769
whacky,2,14.12769
walt,2,14.12769
werent,2,14.12769
whiny,2,14.12769
wholesome,2,14.12769
â1,2,14.12769
afoul,2,14.12769
emptyheaded,2,14.12769
lively,2,14.12769
lowly,2,14.12769
living,2,14.12769
wistful,2,14.12769
chronological,2,14.12769
wayward,2,14.12769
verbatim,2,14.12769
woeful,2,14.12769
enhanced,2,14.12769
loaded,2,14.12769
abundant,2,14.12769
lushious,2,14.12769
luxurious,2,14.12769
enormous,2,14.12769
lyrical,2,14.12769
workingclass,2,14.12769
workmanlike,2,14.12769
enthusiastic,2,14.12769
lonesome,2,14.12769
worrying,2,14.12769
worldwide,2,14.12769
episodic,2,14.12769
makeshift,2,14.12769
wrenching,2,14.12769
maldic,2,14.12769
looney,2,14.12769
loony,2,14.12769
youthful,2,14.12769
christ,2,14.12769
classical,2,14.12769
mannered,2,14.12769
manã,1,7.06384
marked,1,7.06384
ernesto,1,7.06384
marringbuying,1,7.06384
martian,1,7.06384
ernst,1,7.06384
ernest,1,7.06384
marty,1,7.06384
martine,1,7.06384
masculine,1,7.06384
erudite,1,7.06384
ersatz,1,7.06384
errol,1,7.06384
barbaric,1,7.06384
mat,1,7.06384
masterpieceslike,1,7.06384
maternal,1,7.06384
esthetic,1,7.06384
esther,1,7.06384
especial,1,7.06384
mayberrylike,1,7.06384
ethereal,1,7.06384
ethical,1,7.06384
clearsighted,1,7.06384
clearcut,1,7.06384
barrelclimbrugbylike,1,7.06384
angered,1,7.06384
mechanical,1,7.06384
meaty,1,7.06384
mechanized,1,7.06384
evan,1,7.06384
europoean,1,7.06384
medium,1,7.06384
mediterranean,1,7.06384
mediumsized,1,7.06384
evergreen,1,7.06384
eventual,1,7.06384
evangelisticinduced,1,7.06384
cliched,1,7.06384
megan,1,7.06384
everpresent,1,7.06384
evermoreparanoid,1,7.06384
mendacious,1,7.06384
mentionsã,1,7.06384
everybit,1,7.06384
climatic,1,7.06384
merchantivory,1,7.06384
mercenary,1,7.06384
meritorious,1,7.06384
messy,1,7.06384
eww,1,7.06384
clooney,1,7.06384
bbq,1,7.06384
bastard,1,7.06384
angelique,1,7.06384
methe,1,7.06384
methodical,1,7.06384
metaphysical,1,7.06384
micheal,1,7.06384
mexicanmade,1,7.06384
closedminded,1,7.06384
middling,1,7.06384
middleage,1,7.06384
mick,1,7.06384
closed,1,7.06384
mimic,1,7.06384
excultish,1,7.06384
mindboggling,1,7.06384
mindcontrolled,1,7.06384
execrable,1,7.06384
coastal,1,7.06384
exhausting,1,7.06384
exemperor,1,7.06384
coen,1,7.06384
cnn,1,7.06384
animatronic,1,7.06384
minty,1,7.06384
existent,1,7.06384
exhaustive,1,7.06384
mischievous,1,7.06384
expansive,1,7.06384
cognizant,1,7.06384
mixedup,1,7.06384
misogynistic,1,7.06384
beetle,1,7.06384
moderate,1,7.06384
modernday,1,7.06384
mockumentary,1,7.06384
modified,1,7.06384
explopitative,1,7.06384
exploitive,1,7.06384
coldhearted,1,7.06384
monetary,1,7.06384
exposed,1,7.06384
collaborative,1,7.06384
exposing,1,7.06384
collect,1,7.06384
beliefeven,1,7.06384
behindthe,1,7.06384
beautifullytrained,1,7.06384
agentdonald,1,7.06384
africancentric,1,7.06384
mararã,1,7.06384
monty,1,7.06384
montgomerys,1,7.06384
moralistic,1,7.06384
mordrid,1,7.06384
exterior,1,7.06384
expressive,1,7.06384
morty,1,7.06384
mortal,1,7.06384
masochistic,1,7.06384
motocrossed,1,7.06384
mousy,1,7.06384
extraterrestrial,1,7.06384
external,1,7.06384
collectible,1,7.06384
moviefilled,1,7.06384
matlock,1,7.06384
moviegame,1,7.06384
movieeven,1,7.06384
exuberant,1,7.06384
extremelly,1,7.06384
extravagant,1,7.06384
fabled,1,7.06384
mcqueen,1,7.06384
meager,1,7.06384
muchgifted,1,7.06384
combatant,1,7.06384
faceagain,1,7.06384
faceless,1,7.06384
combative,1,7.06384
bellicose,1,7.06384
bellastyle,1,7.06384
believabilty,1,7.06384
munich,1,7.06384
facsimile,1,7.06384
murrarys,1,7.06384
factbased,1,7.06384
combustã,1,7.06384
muslims,1,7.06384
fahrenheit,1,7.06384
fading,1,7.06384
mystic,1,7.06384
faint,1,7.06384
comedymusical,1,7.06384
belligerent,1,7.06384
megalomaniac,1,7.06384
melike,1,7.06384
nabokovs,1,7.06384
mysticalnuminous,1,7.06384
naff,1,7.06384
fallen,1,7.06384
nannys,1,7.06384
napoleonic,1,7.06384
comforting,1,7.06384
narrow,1,7.06384
narrowsighted,1,7.06384
fanatic,1,7.06384
beneficial,1,7.06384
bemused,1,7.06384
anorexic,1,7.06384
anonymous,1,7.06384
metaphorical,1,7.06384
nationwide,1,7.06384
naturalistic,1,7.06384
naughtons,1,7.06384
naturalbut,1,7.06384
fanatical,1,7.06384
michã,1,7.06384
nayakan,1,7.06384
farcical,1,7.06384
faraway,1,7.06384
nearã,1,7.06384
farcry,1,7.06384
commanding,1,7.06384
bent,1,7.06384
ned,1,7.06384
needy,1,7.06384
farscape,1,7.06384
neighboring,1,7.06384
neglected,1,7.06384
farrelly,1,7.06384
neurological,1,7.06384
neutrallypresented,1,7.06384
fastfowarded,1,7.06384
fastforwarded,1,7.06384
commonplace,1,7.06384
betterknown,1,7.06384
antichrist,1,7.06384
newsreellike,1,7.06384
newish,1,7.06384
nico,1,7.06384
nickel,1,7.06384
fatalistic,1,7.06384
nightly,1,7.06384
minutelychoreographed,1,7.06384
fatuated,1,7.06384
fatty,1,7.06384
nimble,1,7.06384
ninth,1,7.06384
comparable,1,7.06384
companys,1,7.06384
anticlimatic,1,7.06384
nitpicky,1,7.06384
favorable,1,7.06384
faust,1,7.06384
nominal,1,7.06384
nonbelievable,1,7.06384
nolan,1,7.06384
compassionate,1,7.06384
noncontact,1,7.06384
nondocumentary,1,7.06384
fck,1,7.06384
nonfrench,1,7.06384
momentous,1,7.06384
mondo,1,7.06384
nonnude,1,7.06384
feareven,1,7.06384
fay,1,7.06384
anticommunist,1,7.06384
ailing,1,7.06384
agreeable,1,7.06384
aghast,1,7.06384
adam,1,7.06384
moneycrazed,1,7.06384
monkeylike,1,7.06384
mono,1,7.06384
monomaniacal,1,7.06384
nonradical,1,7.06384
fearsome,1,7.06384
nonviolent,1,7.06384
mormon,1,7.06384
feeble,1,7.06384
featurelength,1,7.06384
complementary,1,7.06384
norwegian,1,7.06384
noted,1,7.06384
fellinilike,1,7.06384
complacent,1,7.06384
moveiegoing,1,7.06384
notverywarlike,1,7.06384
notsospecial,1,7.06384
nowherebut,1,7.06384
moving,1,7.06384
fertile,1,7.06384
ferocious,1,7.06384
complicate,1,7.06384
msstone,1,7.06384
mtvish,1,7.06384
fest,1,7.06384
null,1,7.06384
complicit,1,7.06384
muchneeded,1,7.06384
muchpretty,1,7.06384
multifaceted,1,7.06384
fey,1,7.06384
nurseserial,1,7.06384
complimentary,1,7.06384
biographical,1,7.06384
bilateral,1,7.06384
bigbreasted,1,7.06384
obedient,1,7.06384
nuts,1,7.06384
fiendish,1,7.06384
obliged,1,7.06384
compulsive,1,7.06384
compound,1,7.06384
mustmiss,1,7.06384
obscenityfilled,1,7.06384
obscene,1,7.06384
fiftyseven,1,7.06384
mystical,1,7.06384
figured,1,7.06384
computergenerated,1,7.06384
computercontrolled,1,7.06384
biomedical,1,7.06384
nacional,1,7.06384
filmic,1,7.06384
filmgoing,1,7.06384
filmnot,1,7.06384
filthy,1,7.06384
conceited,1,7.06384
con,1,7.06384
napolean,1,7.06384
officious,1,7.06384
official,1,7.06384
offshore,1,7.06384
finished,1,7.06384
conceived,1,7.06384
birch,1,7.06384
antiwar,1,7.06384
antitank,1,7.06384
antireligious,1,7.06384
oftusedadd,1,7.06384
ola,1,7.06384
finny,1,7.06384
finsished,1,7.06384
finishing,1,7.06384
naã,1,7.06384
omnipotent,1,7.06384
fishy,1,7.06384
omniscient,1,7.06384
oneexcept,1,7.06384
fitted,1,7.06384
concerted,1,7.06384
biscuit,1,7.06384
onehundred,1,7.06384
onesided,1,7.06384
fitting,1,7.06384
ongoing,1,7.06384
ooky,1,7.06384
flaccid,1,7.06384
conclusive,1,7.06384
openminded,1,7.06384
openmouthed,1,7.06384
flashforward,1,7.06384
oppressive,1,7.06384
opinionless,1,7.06384
flagging,1,7.06384
bislerian,1,7.06384
antã,1,7.06384
newfangled,1,7.06384
optical,1,7.06384
orchestral,1,7.06384
flatbed,1,7.06384
orgasmic,1,7.06384
organic,1,7.06384
confederate,1,7.06384
oscarworthy,1,7.06384
nightmarish,1,7.06384
nighy,1,7.06384
niiiiiight,1,7.06384
ostensible,1,7.06384
fluffy,1,7.06384
floating,1,7.06384
bittersweet,1,7.06384
outacted,1,7.06384
flush,1,7.06384
noel,1,7.06384
noisy,1,7.06384
outeven,1,7.06384
foggy,1,7.06384
connected,1,7.06384
outward,1,7.06384
outspoken,1,7.06384
overblown,1,7.06384
conscious,1,7.06384
connelly,1,7.06384
congressional,1,7.06384
anyoneunless,1,7.06384
alarming,1,7.06384
aimless,1,7.06384
nonliteral,1,7.06384
overeager,1,7.06384
overhyped,1,7.06384
foreclosed,1,7.06384
overpowering,1,7.06384
overprivileged,1,7.06384
overnight,1,7.06384
conservative,1,7.06384
northen,1,7.06384
foreseeable,1,7.06384
forensic,1,7.06384
overwhelmed,1,7.06384
overweight,1,7.06384
considered,1,7.06384
blackwhite,1,7.06384
pacifical,1,7.06384
ozzy,1,7.06384
pakistan,1,7.06384
painfull,1,7.06384
formidable,1,7.06384
panicky,1,7.06384
palpable,1,7.06384
parallel,1,7.06384
paranormal,1,7.06384
contemporaneous,1,7.06384
consummate,1,7.06384
blameless,1,7.06384
blackandwhite,1,7.06384
numbminded,1,7.06384
numeric,1,7.06384
parisian,1,7.06384
parkhallucinatory,1,7.06384
parent,1,7.06384
partial,1,7.06384
partisan,1,7.06384
fourcornered,1,7.06384
found,1,7.06384
obese,1,7.06384
patchwork,1,7.06384
oblique,1,7.06384
fractured,1,7.06384
foxy,1,7.06384
fourday,1,7.06384
foulmouthed,1,7.06384
observant,1,7.06384
obsessed,1,7.06384
patriarchal,1,7.06384
obtrusive,1,7.06384
patriotcorny,1,7.06384
fragile,1,7.06384
peaceable,1,7.06384
occidental,1,7.06384
peaceful,1,7.06384
franky,1,7.06384
contradictory,1,7.06384
pearshaped,1,7.06384
peak,1,7.06384
peerless,1,7.06384
penniless,1,7.06384
freethinking,1,7.06384
frederic,1,7.06384
continuous,1,7.06384
continual,1,7.06384
apples,1,7.06384
offive,1,7.06384
oftdiscussed,1,7.06384
penultimate,1,7.06384
perennial,1,7.06384
pensive,1,7.06384
periodic,1,7.06384
perfunctory,1,7.06384
freudian,1,7.06384
perky,1,7.06384
pernell,1,7.06384
frightened,1,7.06384
omnipresent,1,7.06384
perspicacious,1,7.06384
oneandahalf,1,7.06384
frisky,1,7.06384
frightmare,1,7.06384
conversational,1,7.06384
blevel,1,7.06384
oneseven,1,7.06384
onetime,1,7.06384
pesky,1,7.06384
froggg,1,7.06384
frozen,1,7.06384
fruitful,1,7.06384
convict,1,7.06384
converted,1,7.06384
phoney,1,7.06384
philharmonic,1,7.06384
operatic,1,7.06384
photo,1,7.06384
piercing,1,7.06384
fubarred,1,7.06384
blist,1,7.06384
blindfolded,1,7.06384
applied,1,7.06384
optimistic,1,7.06384
pinkshaded,1,7.06384
pilot,1,7.06384
pitchperfect,1,7.06384
functional,1,7.06384
fullyfledged,1,7.06384
orhan,1,7.06384
plasticfaced,1,7.06384
funeral,1,7.06384
funfilled,1,7.06384
funky,1,7.06384
copious,1,7.06384
cooley,1,7.06384
bloated,1,7.06384
outcast,1,7.06384
plentiful,1,7.06384
pleasurable,1,7.06384
plus,1,7.06384
pneumonic,1,7.06384
furry,1,7.06384
funnyalmost,1,7.06384
pofaced,1,7.06384
futile,1,7.06384
poison,1,7.06384
gaelic,1,7.06384
corner,1,7.06384
corey,1,7.06384
copslike,1,7.06384
appreciable,1,7.06384
alevel,1,7.06384
addictive,1,7.06384
abuzz,1,7.06384
abominable,1,7.06384
overdramatic,1,7.06384
overlapping,1,7.06384
gainsborough,1,7.06384
gagslike,1,7.06384
overreverent,1,7.06384
portentous,1,7.06384
corporeal,1,7.06384
overthehill,1,7.06384
possessed,1,7.06384
garish,1,7.06384
possiblyredeeming,1,7.06384
gaunt,1,7.06384
corresponding,1,7.06384
bloodless,1,7.06384
blooddriven,1,7.06384
paid,1,7.06384
posterior,1,7.06384
postmortem,1,7.06384
gaythemed,1,7.06384
palatable,1,7.06384
potent,1,7.06384
potted,1,7.06384
geeky,1,7.06384
corrosive,1,7.06384
poundsseven,1,7.06384
generous,1,7.06384
cosmetic,1,7.06384
genetic,1,7.06384
geneticallymodified,1,7.06384
cosmic,1,7.06384
bloodstained,1,7.06384
bloodsoaked,1,7.06384
apropos,1,7.06384
parodic,1,7.06384
genteel,1,7.06384
passable,1,7.06384
gentle,1,7.06384
cosmopolitan,1,7.06384
gentlemanly,1,7.06384
costly,1,7.06384
bloodthirsty,1,7.06384
patented,1,7.06384
geraldine,1,7.06384
gerald,1,7.06384
pathological,1,7.06384
preoccupied,1,7.06384
preschool,1,7.06384
gertrude,1,7.06384
counter,1,7.06384
arabian,1,7.06384
preschooler,1,7.06384
peach,1,7.06384
ghostly,1,7.06384
ghastly,1,7.06384
pretensionshidden,1,7.06384
giambone,1,7.06384
counterearth,1,7.06384
peggy,1,7.06384
giantsgiven,1,7.06384
penpal,1,7.06384
priceless,1,7.06384
countrys,1,7.06384
prima,1,7.06384
gillian,1,7.06384
bluff,1,7.06384
arabic,1,7.06384
alienpred,1,7.06384
alienating,1,7.06384
peripheral,1,7.06384
princely,1,7.06384
gimmicky,1,7.06384
perrys,1,7.06384
prissy,1,7.06384
glandular,1,7.06384
cowardlike,1,7.06384
covert,1,7.06384
persuasive,1,7.06384
perverse,1,7.06384
pessimistic,1,7.06384
glib,1,7.06384
cowardly,1,7.06384
glitzy,1,7.06384
crack,1,7.06384
bluntthe,1,7.06384
arbitrary,1,7.06384
phenomenal,1,7.06384
promised,1,7.06384
phony,1,7.06384
glowing,1,7.06384
gluey,1,7.06384
crank,1,7.06384
cramped,1,7.06384
prosaic,1,7.06384
prosperous,1,7.06384
gnarly,1,7.06384
pious,1,7.06384
protected,1,7.06384
gocampingtomakeoutthenfightamonster,1,7.06384
goahead,1,7.06384
crapfest,1,7.06384
bohemian,1,7.06384
alienridden,1,7.06384
proven,1,7.06384
godard,1,7.06384
plasticky,1,7.06384
godly,1,7.06384
craven,1,7.06384
crappy,1,7.06384
playing,1,7.06384
pseudo,1,7.06384
pseudoscientific,1,7.06384
goggleeyed,1,7.06384
gonzales,1,7.06384
boisterous,1,7.06384
boiling,1,7.06384
publicservice,1,7.06384
pudgy,1,7.06384
puny,1,7.06384
goodvirtuous,1,7.06384
creamy,1,7.06384
gooey,1,7.06384
put,1,7.06384
creaturekillerwhatever,1,7.06384
puuuuleeese,1,7.06384
qe,1,7.06384
gopalakrishnan,1,7.06384
boldface,1,7.06384
archetypical,1,7.06384
alistair,1,7.06384
adept,1,7.06384
adenoid,1,7.06384
poorlymade,1,7.06384
qualified,1,7.06384
quasicaptain,1,7.06384
gordonproduced,1,7.06384
quickanddirty,1,7.06384
questioning,1,7.06384
creditspathetic,1,7.06384
postal,1,7.06384
graceful,1,7.06384
govind,1,7.06384
postinolike,1,7.06384
quixotic,1,7.06384
quitte,1,7.06384
cringeful,1,7.06384
bondable,1,7.06384
radical,1,7.06384
grandiose,1,7.06384
potterstyle,1,7.06384
radiological,1,7.06384
granted,1,7.06384
grandmal,1,7.06384
crippled,1,7.06384
randisic,1,7.06384
grassy,1,7.06384
prebeverly,1,7.06384
precarious,1,7.06384
preceding,1,7.06384
precictable,1,7.06384
precise,1,7.06384
precluded,1,7.06384
precocious,1,7.06384
rank,1,7.06384
rapturous,1,7.06384
gratifying,1,7.06384
bonkersã,1,7.06384
bonded,1,7.06384
arctic,1,7.06384
preminger,1,7.06384
rascally,1,7.06384
rard,1,7.06384
rattled,1,7.06384
raquin,1,7.06384
reacquainted,1,7.06384
ravishing,1,7.06384
presumed,1,7.06384
grey,1,7.06384
croã,1,7.06384
crowded,1,7.06384
bookended,1,7.06384
preused,1,7.06384
prevalent,1,7.06384
reble,1,7.06384
rebel,1,7.06384
reboarding,1,7.06384
primal,1,7.06384
recluse,1,7.06384
grisly,1,7.06384
grimy,1,7.06384
recommendable,1,7.06384
recognisable,1,7.06384
redeemable,1,7.06384
crumb,1,7.06384
boorish,1,7.06384
booming,1,7.06384
boohiss,1,7.06384
architected,1,7.06384
redemptive,1,7.06384
probable,1,7.06384
rediscovered,1,7.06384
groundbreaking,1,7.06384
profane,1,7.06384
grueling,1,7.06384
reflective,1,7.06384
crusadingã,1,7.06384
crumby,1,7.06384
grungy,1,7.06384
grumpy,1,7.06384
prone,1,7.06384
proof,1,7.06384
propagandist,1,7.06384
regrettable,1,7.06384
relatable,1,7.06384
guardian,1,7.06384
cuban,1,7.06384
boothe,1,7.06384
prot,1,7.06384
relaxing,1,7.06384
protestant,1,7.06384
guttural,1,7.06384
gutsy,1,7.06384
gushy,1,7.06384
gã,1,7.06384
ren,1,7.06384
hack,1,7.06384
habitual,1,7.06384
cunning,1,7.06384
cultish,1,7.06384
ariszted,1,7.06384
prussic,1,7.06384
ps,1,7.06384
pseudoitalian,1,7.06384
repeating,1,7.06384
renã,1,7.06384
repetitious,1,7.06384
repetoire,1,7.06384
haggard,1,7.06384
hadly,1,7.06384
reported,1,7.06384
hairraising,1,7.06384
hairless,1,7.06384
punchdrunk,1,7.06384
hairy,1,7.06384
curt,1,7.06384
cursory,1,7.06384
bothersome,1,7.06384
pushy,1,7.06384
resistant,1,7.06384
halfbaked,1,7.06384
halcyon,1,7.06384
puzzling,1,7.06384
respected,1,7.06384
halfdozen,1,7.06384
customized,1,7.06384
restrained,1,7.06384
retained,1,7.06384
hammy,1,7.06384
hamhanded,1,7.06384
halfthought,1,7.06384
brackish,1,7.06384
arlen,1,7.06384
allegorical,1,7.06384
adjacent,1,7.06384
abrupt,1,7.06384
quickerlike,1,7.06384
revengeful,1,7.06384
revisionist,1,7.06384
handselected,1,7.06384
revolting,1,7.06384
rewarding,1,7.06384
handy,1,7.06384
cynic,1,7.06384
rewatchable,1,7.06384
rhode,1,7.06384
hannibal,1,7.06384
hangdog,1,7.06384
braindead,1,7.06384
rakish,1,7.06384
righthand,1,7.06384
riped,1,7.06384
rimã,1,7.06384
happygolucky,1,7.06384
hardback,1,7.06384
hardboiled,1,7.06384
damned,1,7.06384
hardearned,1,7.06384
dandy,1,7.06384
brasilian,1,7.06384
brash,1,7.06384
arresting,1,7.06384
rn,1,7.06384
rockwelllike,1,7.06384
hardened,1,7.06384
rodentshaped,1,7.06384
hardnosed,1,7.06384
hardhitting,1,7.06384
dangling,1,7.06384
rooney,1,7.06384
reallike,1,7.06384
rooted,1,7.06384
ronald,1,7.06384
rosy,1,7.06384
rory,1,7.06384
harmonious,1,7.06384
braun,1,7.06384
rotoscopic,1,7.06384
hasnt,1,7.06384
roundabout,1,7.06384
rousing,1,7.06384
hastilyfilmed,1,7.06384
brawny,1,7.06384
rowdy,1,7.06384
haunting,1,7.06384
ruby,1,7.06384
darth,1,7.06384
breaking,1,7.06384
artform,1,7.06384
allmale,1,7.06384
allergic,1,7.06384
reductive,1,7.06384
head,1,7.06384
hazardous,1,7.06384
russ,1,7.06384
reformatted,1,7.06384
heady,1,7.06384
headless,1,7.06384
datd,1,7.06384
regimental,1,7.06384
regional,1,7.06384
rã,1,7.06384
rusty,1,7.06384
relateable,1,7.06384
sacrilegious,1,7.06384
saccharine,1,7.06384
dave,1,7.06384
breathed,1,7.06384
sagacious,1,7.06384
heartbroken,1,7.06384
saltwater,1,7.06384
religulous,1,7.06384
heartshaped,1,7.06384
heartless,1,7.06384
breathless,1,7.06384
san,1,7.06384
sant,1,7.06384
heartwarming,1,7.06384
renowned,1,7.06384
sapphic,1,7.06384
sar,1,7.06384
davy,1,7.06384
davie,1,7.06384
arthritic,1,7.06384
artful,1,7.06384
satanicthemed,1,7.06384
heavyladen,1,7.06384
heavyweight,1,7.06384
hebrew,1,7.06384
dazzling,1,7.06384
breezy,1,7.06384
representative,1,7.06384
reptilian,1,7.06384
saucy,1,7.06384
hedy,1,7.06384
dd,1,7.06384
heep,1,7.06384
heeaaaaaaaaaartbeat,1,7.06384
brendan,1,7.06384
artificial,1,7.06384
resonant,1,7.06384
resourceful,1,7.06384
schematic,1,7.06384
heinous,1,7.06384
schlockfest,1,7.06384
schlocky,1,7.06384
schlock,1,7.06384
heffernan,1,7.06384
scott,1,7.06384
scotty,1,7.06384
retinal,1,7.06384
scrappy,1,7.06384
helmut,1,7.06384
deafmute,1,7.06384
brennan,1,7.06384
allstar,1,7.06384
allpowerful,1,7.06384
adolescent,1,7.06384
scratchy,1,7.06384
screwup,1,7.06384
herby,1,7.06384
rewinded,1,7.06384
scripttogether,1,7.06384
hermitlike,1,7.06384
heresome,1,7.06384
deathly,1,7.06384
searly,1,7.06384
seasoned,1,7.06384
heroinaddicted,1,7.06384
secondrate,1,7.06384
decadeseven,1,7.06384
debatable,1,7.06384
bridge,1,7.06384
sedate,1,7.06384
sedonalike,1,7.06384
heterosexual,1,7.06384
seema,1,7.06384
deceitful,1,7.06384
risiblenridiculous,1,7.06384
rising,1,7.06384
ritualistic,1,7.06384
highlynot,1,7.06384
highclass,1,7.06384
rmember,1,7.06384
selfaware,1,7.06384
selective,1,7.06384
deceptive,1,7.06384
deceased,1,7.06384
bridal,1,7.06384
selfimportant,1,7.06384
romanian,1,7.06384
hillybilly,1,7.06384
hilary,1,7.06384
selfless,1,7.06384
hip,1,7.06384
himmelen,1,7.06384
dedicated,1,7.06384
selfrighteous,1,7.06384
hirsute,1,7.06384
hippy,1,7.06384
roth,1,7.06384
rotoscoping,1,7.06384
semiautobiographical,1,7.06384
hispanic,1,7.06384
hisherits,1,7.06384
deeemed,1,7.06384
brillian,1,7.06384
rounded,1,7.06384
semifeudal,1,7.06384
semihistorical,1,7.06384
semiconscious,1,7.06384
seminaked,1,7.06384
hitchcock,1,7.06384
defective,1,7.06384
defeatist,1,7.06384
ruddy,1,7.06384
sensational,1,7.06384
sensationalistic,1,7.06384
hoitytoity,1,7.06384
ruritanian,1,7.06384
sensuous,1,7.06384
hollywoodized,1,7.06384
defiant,1,7.06384
brimfull,1,7.06384
asianstyled,1,7.06384
allthough,1,7.06384
russo,1,7.06384
sepiawhite,1,7.06384
serbocroatian,1,7.06384
homely,1,7.06384
holofernese,1,7.06384
serpentine,1,7.06384
homesick,1,7.06384
seventiesearly,1,7.06384
homophobic,1,7.06384
homoerotic,1,7.06384
homemade,1,7.06384
deft,1,7.06384
sahlep,1,7.06384
sam,1,7.06384
sexploitative,1,7.06384
sanctimonious,1,7.06384
sexuallaced,1,7.06384
homosexual,1,7.06384
honorary,1,7.06384
sfcomedy,1,7.06384
delectable,1,7.06384
dejected,1,7.06384
sarcastic,1,7.06384
shaken,1,7.06384
shady,1,7.06384
shakespearian,1,7.06384
shakespeareangreek,1,7.06384
hopeful,1,7.06384
broadbrimmed,1,7.06384
britishgaumont,1,7.06384
satejowski,1,7.06384
satisfactory,1,7.06384
satisfied,1,7.06384
scandalous,1,7.06384
shaped,1,7.06384
shameful,1,7.06384
scarlet,1,7.06384
shaun,1,7.06384
hospitalor,1,7.06384
horrorsplattergore,1,7.06384
broke,1,7.06384
sherlock,1,7.06384
hostile,1,7.06384
hotblooded,1,7.06384
hotd,1,7.06384
delirious,1,7.06384
brokendown,1,7.06384
assertive,1,7.06384
schã,1,7.06384
shortlived,1,7.06384
hourlong,1,7.06384
scraggly,1,7.06384
shortstory,1,7.06384
scratch,1,7.06384
hued,1,7.06384
huac,1,7.06384
delpy,1,7.06384
screwy,1,7.06384
shrek,1,7.06384
scurvy,1,7.06384
shrewd,1,7.06384
showtime,1,7.06384
shã,1,7.06384
sicilian,1,7.06384
humanistic,1,7.06384
deluxe,1,7.06384
brooklynshy,1,7.06384
allwise,1,7.06384
alluring,1,7.06384
adolescentilliteratetough,1,7.06384
accessible,1,7.06384
abedded,1,7.06384
4renbergcertainly,1,7.06384
siegfried,1,7.06384
sidesplitting,1,7.06384
sigrid,1,7.06384
humorless,1,7.06384
simian,1,7.06384
humouristic,1,7.06384
simulate,1,7.06384
hung,1,7.06384
demure,1,7.06384
demographic,1,7.06384
seinfeld,1,7.06384
singleworst,1,7.06384
selfhatred,1,7.06384
sinise,1,7.06384
hunted,1,7.06384
selfinflicted,1,7.06384
selfinvolved,1,7.06384
hybrid,1,7.06384
hushã,1,7.06384
dental,1,7.06384
selfreferential,1,7.06384
sizzling,1,7.06384
selfsacrificing,1,7.06384
selftitled,1,7.06384
sell,1,7.06384
hypnotic,1,7.06384
hyperactive,1,7.06384
semiautomatic,1,7.06384
semicheesy,1,7.06384
semicoherent,1,7.06384
skillful,1,7.06384
hypothetical,1,7.06384
dependable,1,7.06384
brute,1,7.06384
brunette,1,7.06384
semiintelligent,1,7.06384
seminal,1,7.06384
semipornographic,1,7.06384
senegal,1,7.06384
skippy,1,7.06384
slackmouthed,1,7.06384
skinned,1,7.06384
sleepaway,1,7.06384
ic,1,7.06384
hystericly,1,7.06384
sleepyeyed,1,7.06384
icet,1,7.06384
slimy,1,7.06384
iconoclastic,1,7.06384
iconic,1,7.06384
icelandic,1,7.06384
depressive,1,7.06384
sloshed,1,7.06384
idealistic,1,7.06384
slutty,1,7.06384
ideological,1,7.06384
identical,1,7.06384
deserving,1,7.06384
smallish,1,7.06384
smalltown,1,7.06384
idiosyncratic,1,7.06384
sexcrazed,1,7.06384
smartaleck,1,7.06384
smartalecky,1,7.06384
idyllic,1,7.06384
desirous,1,7.06384
bs,1,7.06384
bryan,1,7.06384
assumed,1,7.06384
sexybeautiful,1,7.06384
shabby,1,7.06384
smelly,1,7.06384
smug,1,7.06384
ike,1,7.06384
snap,1,7.06384
iiawesome,1,7.06384
snotty,1,7.06384
snooty,1,7.06384
soapy,1,7.06384
illconsidered,1,7.06384
despondent,1,7.06384
socialist,1,7.06384
sociological,1,7.06384
illicit,1,7.06384
shawshank,1,7.06384
sheen,1,7.06384
illprepared,1,7.06384
destructive,1,7.06384
destitute,1,7.06384
shirley,1,7.06384
shite,1,7.06384
shmeared,1,7.06384
solitary,1,7.06384
detached,1,7.06384
som,1,7.06384
immaculate,1,7.06384
imbecile,1,7.06384
buffy,1,7.06384
buffoonish,1,7.06384
asymmetric,1,7.06384
shoulderpadded,1,7.06384
shouldnt,1,7.06384
showpunctuated,1,7.06384
somnambulant,1,7.06384
sophomoric,1,7.06384
immature,1,7.06384
soppy,1,7.06384
sore,1,7.06384
immobile,1,7.06384
detectivelike,1,7.06384
immoderate,1,7.06384
determined,1,7.06384
immortal,1,7.06384
impassioned,1,7.06384
detestable,1,7.06384
bulletproof,1,7.06384
bugeyed,1,7.06384
sparse,1,7.06384
impeachable,1,7.06384
specialeffectsladen,1,7.06384
impenetrable,1,7.06384
developed,1,7.06384
devastating,1,7.06384
imperative,1,7.06384
spent,1,7.06384
devilish,1,7.06384
impervious,1,7.06384
impetuous,1,7.06384
devious,1,7.06384
bullrun,1,7.06384
bullfroglike,1,7.06384
atan,1,7.06384
astronomical,1,7.06384
alpine,1,7.06384
sizable,1,7.06384
spiral,1,7.06384
sketchlike,1,7.06384
spirited,1,7.06384
spinning,1,7.06384
splendored,1,7.06384
spiteful,1,7.06384
implacable,1,7.06384
sporadic,1,7.06384
impressionable,1,7.06384
slashercomic,1,7.06384
spotty,1,7.06384
diaperclad,1,7.06384
dexter,1,7.06384
devout,1,7.06384
sleepy,1,7.06384
sleptwalked,1,7.06384
squeaky,1,7.06384
squeamish,1,7.06384
impromptu,1,7.06384
improved,1,7.06384
slinky,1,7.06384
impudent,1,7.06384
dictatorial,1,7.06384
dicey,1,7.06384
slovenly,1,7.06384
standalone,1,7.06384
standardized,1,7.06384
inaccurate,1,7.06384
standby,1,7.06384
inadvertent,1,7.06384
imthefigurativeandliteralrepresentationofthenakedvulnerabilityof,1,7.06384
burned,1,7.06384
bumpy,1,7.06384
starringsean,1,7.06384
statutory,1,7.06384
stargate,1,7.06384
steep,1,7.06384
steely,1,7.06384
stereo,1,7.06384
incarnate,1,7.06384
incarcerate,1,7.06384
inanimate,1,7.06384
smutty,1,7.06384
sterile,1,7.06384
incendiary,1,7.06384
stewarts,1,7.06384
dilettante,1,7.06384
dignified,1,7.06384
inclusive,1,7.06384
dillon,1,7.06384
snt,1,7.06384
stillslinky,1,7.06384
stinking,1,7.06384
incoming,1,7.06384
businessasusual,1,7.06384
burtonish,1,7.06384
burnt,1,7.06384
atkind,1,7.06384
soexecrableitsdownrightawesome,1,7.06384
stoic,1,7.06384
stonefaced,1,7.06384
incomplete,1,7.06384
stonehearted,1,7.06384
inconsequential,1,7.06384
incongruous,1,7.06384
diminished,1,7.06384
solo,1,7.06384
somemost,1,7.06384
stout,1,7.06384
somewhatbelligerent,1,7.06384
inconsolable,1,7.06384
dimwitted,1,7.06384
soontobedeceased,1,7.06384
inconvenient,1,7.06384
strategic,1,7.06384
diplomatic,1,7.06384
busty,1,7.06384
busted,1,7.06384
soso,1,7.06384
streep,1,7.06384
stretched,1,7.06384
indefinable,1,7.06384
strict,1,7.06384
soviet,1,7.06384
spain,1,7.06384
indelible,1,7.06384
indefinite,1,7.06384
dire,1,7.06384
sts,1,7.06384
indestructible,1,7.06384
spasmodic,1,7.06384
stubborn,1,7.06384
stuckup,1,7.06384
indicative,1,7.06384
directional,1,7.06384
butant,1,7.06384
attempted,1,7.06384
speculative,1,7.06384
spiffy,1,7.06384
spiked,1,7.06384
spinal,1,7.06384
spindly,1,7.06384
spineless,1,7.06384
indiscernible,1,7.06384
indifferent,1,7.06384
subatomic,1,7.06384
suave,1,7.06384
directionless,1,7.06384
subdued,1,7.06384
industrious,1,7.06384
submarine,1,7.06384
subliminal,1,7.06384
directorã,1,7.06384
buxom,1,7.06384
sporty,1,7.06384
spotless,1,7.06384
such,1,7.06384
successive,1,7.06384
inert,1,7.06384
sprawling,1,7.06384
inexperienced,1,7.06384
inexpensive,1,7.06384
suicidal,1,7.06384
sullen,1,7.06384
inexpressive,1,7.06384
disastrous,1,7.06384
bwp,1,7.06384
auburn,1,7.06384
altmanquirky,1,7.06384
alternate,1,7.06384
almostolympian,1,7.06384
sundry,1,7.06384
sunk,1,7.06384
sumptuous,1,7.06384
infatuated,1,7.06384
infamouspsychotic,1,7.06384
supermanrelated,1,7.06384
infernal,1,7.06384
superstitious,1,7.06384
inflexible,1,7.06384
infinite,1,7.06384
dischordant,1,7.06384
discerning,1,7.06384
supportive,1,7.06384
surly,1,7.06384
inform,1,7.06384
inglourious,1,7.06384
discouraged,1,7.06384
surrogate,1,7.06384
susan,1,7.06384
surrealist,1,7.06384
inhuman,1,7.06384
diseased,1,7.06384
calgary,1,7.06384
cacophonous,1,7.06384
sustained,1,7.06384
innate,1,7.06384
injured,1,7.06384
sticky,1,7.06384
stifling,1,7.06384
sweltering,1,7.06384
innermost,1,7.06384
disgruntled,1,7.06384
swiss,1,7.06384
sycophantic,1,7.06384
innocuous,1,7.06384
stocky,1,7.06384
synchronous,1,7.06384
synthetic,1,7.06384
innowayscary,1,7.06384
dishonest,1,7.06384
call,1,7.06384
stoogeeven,1,7.06384
storys,1,7.06384
innumerable,1,7.06384
inoffensive,1,7.06384
dishwaterdull,1,7.06384
straightfaced,1,7.06384
strained,1,7.06384
insatiable,1,7.06384
dishy,1,7.06384
calm,1,7.06384
taliban,1,7.06384
stressfree,1,7.06384
talkative,1,7.06384
inseparable,1,7.06384
stricken,1,7.06384
striking,1,7.06384
stringy,1,7.06384
inside,1,7.06384
inserted,1,7.06384
disingenuous,1,7.06384
august,1,7.06384
audrey,1,7.06384
audible,1,7.06384
taut,1,7.06384
tarzan,1,7.06384
tangled,1,7.06384
stuffed,1,7.06384
tearjerking,1,7.06384
technicolor,1,7.06384
insistent,1,7.06384
teenaged,1,7.06384
inspirational,1,7.06384
disneyfied,1,7.06384
dislikeable,1,7.06384
subconscious,1,7.06384
subhuman,1,7.06384
teeny,1,7.06384
televisiã,1,7.06384
teenoriented,1,7.06384
tempestuous,1,7.06384
instic,1,7.06384
disparate,1,7.06384
tentative,1,7.06384
tepid,1,7.06384
instinct,1,7.06384
insufferable,1,7.06384
texan,1,7.06384
disrespectful,1,7.06384
disquieting,1,7.06384
canonical,1,7.06384
canine,1,7.06384
textile,1,7.06384
integral,1,7.06384
sugary,1,7.06384
thatã,1,7.06384
integrated,1,7.06384
dissilusioned,1,7.06384
thencurrent,1,7.06384
therory,1,7.06384
thenbudding,1,7.06384
thighwith,1,7.06384
theyve,1,7.06384
intensional,1,7.06384
cantankerous,1,7.06384
thisits,1,7.06384
thinlydisguised,1,7.06384
thos,1,7.06384
thoughtless,1,7.06384
thisthing,1,7.06384
interdimensional,1,7.06384
thrilling,1,7.06384
threadbare,1,7.06384
superterrified,1,7.06384
thunderous,1,7.06384
tiberius,1,7.06384
intermittent,1,7.06384
interior,1,7.06384
capt,1,7.06384
australianmade,1,7.06384
aussie,1,7.06384
alwaysdependable,1,7.06384
tidal,1,7.06384
timebut,1,7.06384
interpretive,1,7.06384
interpersonal,1,7.06384
distracting,1,7.06384
susiethe,1,7.06384
interracial,1,7.06384
timon,1,7.06384
distressful,1,7.06384
tireless,1,7.06384
caradan,1,7.06384
captivating,1,7.06384
swank,1,7.06384
toalmost,1,7.06384
intrepid,1,7.06384
toogoodtobetrue,1,7.06384
tolerable,1,7.06384
intothen,1,7.06384
swift,1,7.06384
sworn,1,7.06384
tooreal,1,7.06384
invalid,1,7.06384
inventive,1,7.06384
investigative,1,7.06384
divine,1,7.06384
cardinal,1,7.06384
cardboard,1,7.06384
autobiographical,1,7.06384
syrupy,1,7.06384
sã,1,7.06384
tabu,1,7.06384
taciturn,1,7.06384
taken,1,7.06384
torrid,1,7.06384
torrential,1,7.06384
iranian,1,7.06384
talky,1,7.06384
totalitarian,1,7.06384
diy,1,7.06384
diving,1,7.06384
tan,1,7.06384
tangent,1,7.06384
tourist,1,7.06384
irene,1,7.06384
towering,1,7.06384
tracked,1,7.06384
irony,1,7.06384
docile,1,7.06384
carefree,1,7.06384
tawdry,1,7.06384
tearyeyed,1,7.06384
irreconcilable,1,7.06384
irrational,1,7.06384
trampled,1,7.06384
transcendent,1,7.06384
irresistible,1,7.06384
doctrinaire,1,7.06384
irritable,1,7.06384
irresponsible,1,7.06384
ishq,1,7.06384
telling,1,7.06384
islamic,1,7.06384
doeeyed,1,7.06384
careless,1,7.06384
carefullycrafted,1,7.06384
auxiliary,1,7.06384
autistic,1,7.06384
temporary,1,7.06384
tenth,1,7.06384
trolllike,1,7.06384
trivial,1,7.06384
trustworthy,1,7.06384
trustful,1,7.06384
doggie,1,7.06384
textual,1,7.06384
trusty,1,7.06384
turbulent,1,7.06384
itisexcellent,1,7.06384
thearly,1,7.06384
itit,1,7.06384
dolby,1,7.06384
dogmatic,1,7.06384
caring,1,7.06384
twoedged,1,7.06384
itv,1,7.06384
itthese,1,7.06384
ugh,1,7.06384
ulrich,1,7.06384
ivanic,1,7.06384
dominant,1,7.06384
umpteenth,1,7.06384
unacceptable,1,7.06384
jacoby,1,7.06384
unadjusted,1,7.06384
unambiguous,1,7.06384
unacquainted,1,7.06384
donald,1,7.06384
cary,1,7.06384
amazonian,1,7.06384
unapologetic,1,7.06384
throwdown,1,7.06384
jamal,1,7.06384
jamaican,1,7.06384
thwart,1,7.06384
tibetian,1,7.06384
unavailable,1,7.06384
janeane,1,7.06384
jampacked,1,7.06384
donovan,1,7.06384
unbeknownst,1,7.06384
janitorial,1,7.06384
janice,1,7.06384
timely,1,7.06384
timeworn,1,7.06384
timid,1,7.06384
timmy,1,7.06384
tinmasked,1,7.06384
uncanny,1,7.06384
uncertain,1,7.06384
unbroken,1,7.06384
castellitto,1,7.06384
castedscripted,1,7.06384
uncommunicative,1,7.06384
uncomplicated,1,7.06384
jawslike,1,7.06384
jawdropping,1,7.06384
jarring,1,7.06384
uncontrolled,1,7.06384
jd,1,7.06384
jazzy,1,7.06384
unctuous,1,7.06384
undecided,1,7.06384
uncredited,1,7.06384
doubtful,1,7.06384
dormant,1,7.06384
awake,1,7.06384
adverse,1,7.06384
adventurous,1,7.06384
advanced,1,7.06384
adroit,1,7.06384
toplessalienlesbian,1,7.06384
topoftheline,1,7.06384
topsecret,1,7.06384
tortuous,1,7.06384
jeremy,1,7.06384
touched,1,7.06384
underhand,1,7.06384
underhanded,1,7.06384
jeri,1,7.06384
jennys,1,7.06384
tovery,1,7.06384
toxic,1,7.06384
undeserved,1,7.06384
underwhelming,1,7.06384
undeterred,1,7.06384
jingoistic,1,7.06384
jim,1,7.06384
jiggly,1,7.06384
dowdy,1,7.06384
trainor,1,7.06384
transatlantic,1,7.06384
transparent,1,7.06384
unearthly,1,7.06384
unemployed,1,7.06384
jipped,1,7.06384
unentertaining,1,7.06384
tributed,1,7.06384
tricky,1,7.06384
tried,1,7.06384
unequaled,1,7.06384
jokerwhich,1,7.06384
downtrodden,1,7.06384
tropical,1,7.06384
unethical,1,7.06384
jonathan,1,7.06384
unexplainedduring,1,7.06384
jose,1,7.06384
jory,1,7.06384
joline,1,7.06384
catwoman,1,7.06384
catherine,1,7.06384
unfiltered,1,7.06384
jovial,1,7.06384
twentynine,1,7.06384
unforgiven,1,7.06384
joyful,1,7.06384
journalistic,1,7.06384
unfriendly,1,7.06384
uday,1,7.06384
unfulfilled,1,7.06384
juarassic,1,7.06384
unglamorous,1,7.06384
juicy,1,7.06384
dreamlike,1,7.06384
dreamless,1,7.06384
cautionary,1,7.06384
unharmed,1,7.06384
unhealthy,1,7.06384
julian,1,7.06384
unheardof,1,7.06384
june,1,7.06384
dreamy,1,7.06384
unanswered,1,7.06384
unimpressed,1,7.06384
unassuming,1,7.06384
jurassic,1,7.06384
driven,1,7.06384
justified,1,7.06384
unintelligent,1,7.06384
droolworthy,1,7.06384
cd,1,7.06384
cavalier,1,7.06384
caustic,1,7.06384
awardwinning,1,7.06384
uninterested,1,7.06384
kane,1,7.06384
kaidan,1,7.06384
uncharted,1,7.06384
uninvolved,1,7.06384
univeral,1,7.06384
karadzic,1,7.06384
drunken,1,7.06384
unconfident,1,7.06384
unconnected,1,7.06384
unknowable,1,7.06384
kathy,1,7.06384
kasugi,1,7.06384
unlikelyunexplained,1,7.06384
dual,1,7.06384
cedric,1,7.06384
unconvinced,1,7.06384
unmanageable,1,7.06384
unmarked,1,7.06384
kevin,1,7.06384
unmentioned,1,7.06384
unmissable,1,7.06384
khmmm,1,7.06384
kerruish,1,7.06384
unmoved,1,7.06384
unnoticeable,1,7.06384
kimberly,1,7.06384
underprivilegded,1,7.06384
unorganized,1,7.06384
unobtrusive,1,7.06384
duffy,1,7.06384
ducklike,1,7.06384
ceasarean,1,7.06384
undesirable,1,7.06384
undisclosed,1,7.06384
undue,1,7.06384
undying,1,7.06384
unoriginality,1,7.06384
unending,1,7.06384
unoutstanding,1,7.06384
kinnear,1,7.06384
unequal,1,7.06384
unequivocal,1,7.06384
knotts,1,7.06384
knockabout,1,7.06384
kinky,1,7.06384
unprepared,1,7.06384
known,1,7.06384
unfair,1,7.06384
koq,1,7.06384
unfettered,1,7.06384
unraveled,1,7.06384
dumbsilly,1,7.06384
dumbfounded,1,7.06384
ceremonial,1,7.06384
unfinished,1,7.06384
unrefined,1,7.06384
laborious,1,7.06384
kove,1,7.06384
lacking,1,7.06384
laboured,1,7.06384
dunst,1,7.06384
unfulfilling,1,7.06384
unrestored,1,7.06384
unromantic,1,7.06384
lackluster,1,7.06384
unglued,1,7.06384
ungrateful,1,7.06384
unsatisfactory,1,7.06384
ladyinwaiting,1,7.06384
laden,1,7.06384
duplicate,1,7.06384
cgrade,1,7.06384
awwww,1,7.06384
awry,1,7.06384
affable,1,7.06384
unheard,1,7.06384
unidentifiable,1,7.06384
uninhibited,1,7.06384
unscathed,1,7.06384
lan,1,7.06384
uninstructive,1,7.06384
unintended,1,7.06384
unsparing,1,7.06384
unstrung,1,7.06384
lane,1,7.06384
durbin,1,7.06384
uninvited,1,7.06384
unsupervised,1,7.06384
languagewise,1,7.06384
lang,1,7.06384
languid,1,7.06384
untapped,1,7.06384
dutybound,1,7.06384
challenging,1,7.06384
ch,1,7.06384
untouched,1,7.06384
untrained,1,7.06384
lardass,1,7.06384
untrustworthy,1,7.06384
unmanned,1,7.06384
largerthanlife,1,7.06384
largebrained,1,7.06384
duval,1,7.06384
unwanted,1,7.06384
larry,1,7.06384
largescale,1,7.06384
unwelcome,1,7.06384
unworthy,1,7.06384
lascivious,1,7.06384
changing,1,7.06384
baaaaaaad,1,7.06384
azumi,1,7.06384
upgrade,1,7.06384
upcoming,1,7.06384
upone,1,7.06384
unorthodox,1,7.06384
upperclass,1,7.06384
latent,1,7.06384
latenight,1,7.06384
unpatriotic,1,7.06384
uppity,1,7.06384
upside,1,7.06384
latest,1,7.06384
unpretentious,1,7.06384
uptight,1,7.06384
uptown,1,7.06384
latterday,1,7.06384
chapel,1,7.06384
baby,1,7.06384
unquenched,1,7.06384
unreal,1,7.06384
lay,1,7.06384
lawmensentenced,1,7.06384
lavish,1,7.06384
unreleased,1,7.06384
valid,1,7.06384
vacuous,1,7.06384
unrepentant,1,7.06384
vapid,1,7.06384
valuable,1,7.06384
leaded,1,7.06384
earthbound,1,7.06384
amor,1,7.06384
affected,1,7.06384
unsatisfied,1,7.06384
unsavoury,1,7.06384
variable,1,7.06384
unseemly,1,7.06384
learned,1,7.06384
lean,1,7.06384
vaudevillian,1,7.06384
unstable,1,7.06384
vel,1,7.06384
leatherface,1,7.06384
eating,1,7.06384
unsubtle,1,7.06384
unsure,1,7.06384
unsurvivable,1,7.06384
venerable,1,7.06384
vengeful,1,7.06384
leathery,1,7.06384
leeched,1,7.06384
ebert,1,7.06384
charitable,1,7.06384
vernacular,1,7.06384
ves,1,7.06384
vermont,1,7.06384
legalistic,1,7.06384
eclectic,1,7.06384
unturned,1,7.06384
unupgraded,1,7.06384
unwarranted,1,7.06384
vibrationalenergy,1,7.06384
unwatched,1,7.06384
leggy,1,7.06384
legged,1,7.06384
vilifyied,1,7.06384
economical,1,7.06384
backprojected,1,7.06384
backbeat,1,7.06384
vindictive,1,7.06384
villager,1,7.06384
uphill,1,7.06384
uponinspired,1,7.06384
viral,1,7.06384
leopold,1,7.06384
lennons,1,7.06384
lenient,1,7.06384
vocal,1,7.06384
vive,1,7.06384
lessthanprofessional,1,7.06384
chauvinistic,1,7.06384
upstage,1,7.06384
uptotheminute,1,7.06384
upward,1,7.06384
voodoo,1,7.06384
voyeuristic,1,7.06384
lethargic,1,7.06384
levine,1,7.06384
levelheaded,1,7.06384
effeminate,1,7.06384
uwe,1,7.06384
vacant,1,7.06384
walking,1,7.06384
li,1,7.06384
lewd,1,7.06384
washed,1,7.06384
libelous,1,7.06384
effervescent,1,7.06384
cheapish,1,7.06384
backstage,1,7.06384
afghanistan,1,7.06384
acquainted,1,7.06384
acid,1,7.06384
vapoorized,1,7.06384
varied,1,7.06384
ve,1,7.06384
venal,1,7.06384
washup,1,7.06384
venereal,1,7.06384
licentious,1,7.06384
libertine,1,7.06384
watershed,1,7.06384
lifelike,1,7.06384
egypt,1,7.06384
weakstale,1,7.06384
weakminded,1,7.06384
weathered,1,7.06384
lifetimelike,1,7.06384
cheeky,1,7.06384
weekly,1,7.06384
weighted,1,7.06384
lighthanded,1,7.06384
welldeveloped,1,7.06384
lightningeffect,1,7.06384
lighted,1,7.06384
wellinformed,1,7.06384
welldocumented,1,7.06384
wellplayed,1,7.06384
wellpaced,1,7.06384
eleanor,1,7.06384
cheerful,1,7.06384
backã,1,7.06384
wellworn,1,7.06384
wellwritten,1,7.06384
wellwhether,1,7.06384
vioilent,1,7.06384
west,1,7.06384
limitedmost,1,7.06384
limbalsamatore,1,7.06384
virtually,1,7.06384
whately,1,7.06384
linda,1,7.06384
whimsical,1,7.06384
linneas,1,7.06384
linear,1,7.06384
limp,1,7.06384
electrical,1,7.06384
void,1,7.06384
listed,1,7.06384
liplocking,1,7.06384
whorish,1,7.06384
lite,1,7.06384
chestnut,1,7.06384
waiflike,1,7.06384
waisted,1,7.06384
wifeplayed,1,7.06384
wierdest,1,7.06384
willed,1,7.06384
wildeyed,1,7.06384
wideopen,1,7.06384
badhorrible,1,7.06384
baddest,1,7.06384
amused,1,7.06384
walter,1,7.06384
windy,1,7.06384
winsome,1,7.06384
wily,1,7.06384
wassup,1,7.06384
wintry,1,7.06384
lix,1,7.06384
elvis,1,7.06384
elusive,1,7.06384
watertight,1,7.06384
wizard,1,7.06384
loathsome,1,7.06384
emasculate,1,7.06384
wong,1,7.06384
womanly,1,7.06384
childlike,1,7.06384
childish,1,7.06384
weeping,1,7.06384
wooly,1,7.06384
woodworking,1,7.06384
weighty,1,7.06384
wordless,1,7.06384
loiss,1,7.06384
worldisdoomed,1,7.06384
worldclass,1,7.06384
worn,1,7.06384
loneley,1,7.06384
emerald,1,7.06384
badtempered,1,7.06384
longsuffering,1,7.06384
longhaired,1,7.06384
wrath,1,7.06384
emmy,1,7.06384
wrought,1,7.06384
looksprinkled,1,7.06384
wellã,1,7.06384
wuthering,1,7.06384
xrayed,1,7.06384
loooong,1,7.06384
emotionalsexual,1,7.06384
choice,1,7.06384
yechy,1,7.06384
lorne,1,7.06384
empathetic,1,7.06384
whatever,1,7.06384
losing,1,7.06384
emphatic,1,7.06384
chosenhowever,1,7.06384
whirlwind,1,7.06384
youngish,1,7.06384
wholehearted,1,7.06384
youã,1,7.06384
lous,1,7.06384
whos,1,7.06384
zombieinfested,1,7.06384
yummy,1,7.06384
empirical,1,7.06384
bakersfield,1,7.06384
baggy,1,7.06384
andby,1,7.06384
afloat,1,7.06384
wifey,1,7.06384
lovingwarlikeadrug,1,7.06384
loveable,1,7.06384
lowdown,1,7.06384
lowbudget,1,7.06384
lowbrained,1,7.06384
emptystared,1,7.06384
encouraging,1,7.06384
lq,1,7.06384
christlike,1,7.06384
lucid,1,7.06384
witten,1,7.06384
luckykind,1,7.06384
christy,1,7.06384
bald,1,7.06384
balanced,1,7.06384
lumpy,1,7.06384
lucrative,1,7.06384
luscious,1,7.06384
lunatic,1,7.06384
chubby,1,7.06384
lusty,1,7.06384
entangled,1,7.06384
macready,1,7.06384
enterprising,1,7.06384
cinemabut,1,7.06384
baleful,1,7.06384
balding,1,7.06384
anesthetic,1,7.06384
maddening,1,7.06384
made,1,7.06384
madcap,1,7.06384
worldly,1,7.06384
maigretlike,1,7.06384
entertaingly,1,7.06384
mainline,1,7.06384
environmental,1,7.06384
majestic,1,7.06384
civilian,1,7.06384
majority,1,7.06384
majorly,1,7.06384
eponymous,1,7.06384
civilized,1,7.06384
ballroom_,1,7.06384
ballesta,1,7.06384
malcontent,1,7.06384
equalling,1,7.06384
malign,1,7.06384
malicious,1,7.06384
wwwaaaaayyyyy,1,7.06384
yearstoxic,1,7.06384
malkovichlike,1,7.06384
yeh,1,7.06384
mandatory,1,7.06384
eraalthough,1,7.06384
clandestine,1,7.06384
clad,1,7.06384
yep,1,7.06384
yer,1,7.06384
yigal,1,7.06384
manifest,1,7.06384
manic,1,7.06384
manipulative,1,7.06384
manly,1,7.06384
erika,1,7.06384
erect,1,7.06384
manmickey,1,7.06384
zombierelated,1,7.06384
manylayered,1,7.06384
ermã,1,7.06384
erkan,1,7.06384
barbarian,1,7.06384
angelic,1,7.06384
ang,1,7.06384
andor,1,7.06384
actionpacked,1,7.06384
abject,1,7.06384
_fargo_,1,7.06384
4nter,1,7.06384
